gene_id	SRR326279	SRR326280	SRR326281	SRR326282
hsa-let-7a-2-3p	0.00	0.00	0.00	0.00
hsa-let-7a-3p	1.00	0.00	0.00	0.00
hsa-let-7a-5p	269.00	532.00	51.00	118.00
hsa-let-7b-3p	0.00	0.00	0.00	0.00
hsa-let-7b-5p	1078.00	816.00	149.00	349.00
hsa-let-7c	2.00	9.00	0.00	4.00
hsa-let-7d-3p	1.00	0.00	0.00	0.00
hsa-let-7d-5p	32.00	46.00	8.00	13.00
hsa-let-7e-3p	0.00	0.00	0.00	0.00
hsa-let-7e-5p	139.00	206.00	19.00	34.00
hsa-let-7f-1-3p	1.00	0.00	0.00	0.00
hsa-let-7f-2-3p	0.00	0.00	0.00	0.00
hsa-let-7f-5p	1229.00	1999.00	335.00	506.00
hsa-let-7g-3p	0.00	0.00	0.00	0.00
hsa-let-7g-5p	31.00	28.00	8.00	10.00
hsa-let-7i-3p	0.00	0.00	0.00	0.00
hsa-let-7i-5p	108.00	178.00	39.00	67.00
hsa-miR-1	0.00	0.00	0.00	0.00
hsa-miR-100-3p	0.00	0.00	0.00	0.00
hsa-miR-100-5p	0.00	0.00	0.00	0.00
hsa-miR-101-3p	39996.00	66159.00	20335.00	35835.00
hsa-miR-101-5p	4.00	11.00	5.00	10.00
hsa-miR-103a-2-5p	0.00	0.00	0.00	0.00
hsa-miR-103a-3p	67.00	110.00	9.00	24.00
hsa-miR-103b	0.00	0.00	0.00	0.00
hsa-miR-105-3p	0.00	0.00	0.00	0.00
hsa-miR-105-5p	0.00	0.00	0.00	0.00
hsa-miR-106a-3p	0.00	0.00	0.00	0.00
hsa-miR-106a-5p	0.00	0.00	0.00	0.00
hsa-miR-106b-3p	2.00	0.00	1.00	1.00
hsa-miR-106b-5p	33.00	34.00	24.00	16.00
hsa-miR-107	9.00	15.00	1.00	2.00
hsa-miR-10a-3p	0.00	0.00	0.00	0.00
hsa-miR-10a-5p	0.00	1.00	0.00	0.00
hsa-miR-10b-3p	0.00	0.00	0.00	0.00
hsa-miR-10b-5p	0.00	0.00	0.00	0.00
hsa-miR-1178-3p	0.00	0.00	0.00	0.00
hsa-miR-1178-5p	0.00	0.00	0.00	0.00
hsa-miR-1179	0.00	0.00	0.00	0.00
hsa-miR-1180	0.00	0.00	0.00	0.00
hsa-miR-1181	0.00	0.00	0.00	0.00
hsa-miR-1182	0.00	0.00	0.00	0.00
hsa-miR-1183	0.00	0.00	0.00	0.00
hsa-miR-1184	0.00	0.00	0.00	0.00
hsa-miR-1185-1-3p	0.00	0.00	0.00	0.00
hsa-miR-1185-2-3p	0.00	0.00	0.00	0.00
hsa-miR-1185-5p	0.00	0.00	0.00	0.00
hsa-miR-1193	0.00	0.00	0.00	0.00
hsa-miR-1197	0.00	0.00	0.00	0.00
hsa-miR-1200	0.00	0.00	0.00	0.00
hsa-miR-1202	0.00	0.00	0.00	0.00
hsa-miR-1203	0.00	0.00	0.00	0.00
hsa-miR-1204	0.00	0.00	0.00	0.00
hsa-miR-1205	0.00	0.00	0.00	0.00
hsa-miR-1206	0.00	0.00	0.00	0.00
hsa-miR-1207-3p	0.00	0.00	0.00	0.00
hsa-miR-1207-5p	0.00	0.00	0.00	0.00
hsa-miR-1208	0.00	0.00	0.00	0.00
hsa-miR-122-3p	0.00	0.00	0.00	0.00
hsa-miR-1224-3p	0.00	0.00	0.00	0.00
hsa-miR-1224-5p	0.00	0.00	0.00	1.00
hsa-miR-1225-3p	0.00	0.00	0.00	0.00
hsa-miR-1225-5p	0.00	0.00	0.00	0.00
hsa-miR-122-5p	0.00	0.00	0.00	0.00
hsa-miR-1226-3p	0.00	0.00	0.00	0.00
hsa-miR-1226-5p	0.00	0.00	0.00	0.00
hsa-miR-1227-3p	0.00	0.00	0.00	0.00
hsa-miR-1227-5p	0.00	0.00	0.00	0.00
hsa-miR-1228-3p	0.00	0.00	0.00	0.00
hsa-miR-1228-5p	0.00	0.00	0.00	0.00
hsa-miR-1229-3p	0.00	0.00	0.00	0.00
hsa-miR-1229-5p	0.00	0.00	0.00	0.00
hsa-miR-1231	0.00	0.00	0.00	0.00
hsa-miR-1233-1-5p	0.00	0.00	0.00	0.00
hsa-miR-1233-3p	0.00	0.00	0.00	0.00
hsa-miR-1234-3p	0.00	0.00	0.00	0.00
hsa-miR-1234-5p	1.00	0.00	0.00	0.00
hsa-miR-1236-3p	0.00	0.00	0.00	0.00
hsa-miR-1236-5p	0.00	0.00	0.00	0.00
hsa-miR-1237-3p	0.00	0.00	0.00	0.00
hsa-miR-1237-5p	0.00	0.00	0.00	0.00
hsa-miR-1238-3p	0.00	0.00	0.00	0.00
hsa-miR-1238-5p	0.00	0.00	0.00	0.00
hsa-miR-1243	0.00	0.00	0.00	0.00
hsa-miR-124-3p	0.00	0.00	0.00	0.00
hsa-miR-1244	0.00	0.00	0.00	0.00
hsa-miR-1245a	0.00	0.00	0.00	0.00
hsa-miR-1245b-3p	0.00	0.00	0.00	0.00
hsa-miR-1245b-5p	0.00	0.00	0.00	0.00
hsa-miR-124-5p	0.00	0.00	0.00	0.00
hsa-miR-1246	1.00	0.00	3.00	1.00
hsa-miR-1247-3p	0.00	0.00	0.00	0.00
hsa-miR-1247-5p	0.00	0.00	0.00	0.00
hsa-miR-1248	0.00	0.00	0.00	0.00
hsa-miR-1249	0.00	0.00	0.00	0.00
hsa-miR-1250	0.00	0.00	0.00	0.00
hsa-miR-1251	0.00	0.00	0.00	0.00
hsa-miR-1252	0.00	0.00	0.00	0.00
hsa-miR-1253	0.00	0.00	0.00	0.00
hsa-miR-1254	0.00	0.00	0.00	0.00
hsa-miR-1255a	0.00	0.00	0.00	0.00
hsa-miR-1255b-2-3p	0.00	0.00	0.00	0.00
hsa-miR-1255b-5p	0.00	0.00	0.00	0.00
hsa-miR-1256	1.00	1.00	0.00	0.00
hsa-miR-1257	0.00	0.00	0.00	0.00
hsa-miR-1258	0.00	0.00	0.00	0.00
hsa-miR-125a-3p	0.00	0.00	0.00	0.00
hsa-miR-125a-5p	6.00	10.00	3.00	14.00
hsa-miR-125b-1-3p	0.00	0.00	0.00	0.00
hsa-miR-125b-2-3p	42.00	75.00	17.00	42.00
hsa-miR-125b-5p	2.00	0.00	0.00	2.00
hsa-miR-1260a	0.00	0.00	0.00	0.00
hsa-miR-1260b	0.00	0.00	0.00	0.00
hsa-miR-1261	0.00	0.00	0.00	0.00
hsa-miR-1262	0.00	0.00	0.00	0.00
hsa-miR-1263	0.00	0.00	0.00	0.00
hsa-miR-126-3p	0.00	0.00	0.00	1.00
hsa-miR-1264	0.00	0.00	0.00	0.00
hsa-miR-1265	0.00	0.00	0.00	0.00
hsa-miR-126-5p	0.00	0.00	0.00	0.00
hsa-miR-1266	0.00	0.00	0.00	1.00
hsa-miR-1267	0.00	0.00	0.00	0.00
hsa-miR-1268a	115.00	116.00	26.00	134.00
hsa-miR-1268b	115.00	118.00	26.00	134.00
hsa-miR-1269a	0.00	0.00	0.00	0.00
hsa-miR-1269b	0.00	0.00	0.00	0.00
hsa-miR-1270	0.00	0.00	0.00	0.00
hsa-miR-1271-3p	0.00	0.00	0.00	0.00
hsa-miR-1271-5p	0.00	0.00	0.00	0.00
hsa-miR-1272	0.00	0.00	0.00	0.00
hsa-miR-1273a	0.00	0.00	0.00	0.00
hsa-miR-1273c	0.00	0.00	0.00	0.00
hsa-miR-1273d	0.00	0.00	0.00	0.00
hsa-miR-1273e	0.00	0.00	0.00	0.00
hsa-miR-1273f	0.00	0.00	0.00	0.00
hsa-miR-1273g-3p	0.00	0.00	0.00	0.00
hsa-miR-1273g-5p	0.00	0.00	0.00	0.00
hsa-miR-127-3p	0.00	3.00	2.00	0.00
hsa-miR-1275	0.00	0.00	0.00	0.00
hsa-miR-127-5p	0.00	0.00	0.00	0.00
hsa-miR-1276	0.00	0.00	0.00	0.00
hsa-miR-1277-3p	0.00	0.00	0.00	0.00
hsa-miR-1277-5p	0.00	0.00	1.00	1.00
hsa-miR-1278	20.00	22.00	3.00	16.00
hsa-miR-1279	0.00	0.00	0.00	0.00
hsa-miR-128	1.00	0.00	0.00	0.00
hsa-miR-1281	0.00	0.00	0.00	0.00
hsa-miR-1282	0.00	0.00	0.00	0.00
hsa-miR-1283	0.00	0.00	0.00	0.00
hsa-miR-1284	0.00	0.00	0.00	0.00
hsa-miR-1285-3p	5.00	3.00	2.00	2.00
hsa-miR-1285-5p	0.00	0.00	0.00	0.00
hsa-miR-1286	0.00	0.00	0.00	0.00
hsa-miR-1287	0.00	0.00	0.00	0.00
hsa-miR-1288	0.00	0.00	0.00	0.00
hsa-miR-1289	0.00	0.00	0.00	0.00
hsa-miR-1290	0.00	0.00	0.00	1.00
hsa-miR-1291	0.00	0.00	0.00	0.00
hsa-miR-129-1-3p	0.00	0.00	0.00	0.00
hsa-miR-129-2-3p	0.00	0.00	0.00	0.00
hsa-miR-1292-5p	0.00	0.00	0.00	0.00
hsa-miR-1293	1.00	0.00	0.00	0.00
hsa-miR-1294	0.00	0.00	0.00	0.00
hsa-miR-1295a	0.00	0.00	1.00	0.00
hsa-miR-1295b-3p	0.00	0.00	0.00	0.00
hsa-miR-1295b-5p	0.00	0.00	0.00	0.00
hsa-miR-129-5p	0.00	0.00	0.00	0.00
hsa-miR-1296	0.00	0.00	0.00	0.00
hsa-miR-1297	0.00	0.00	0.00	0.00
hsa-miR-1298	0.00	0.00	0.00	0.00
hsa-miR-1299	0.00	3.00	2.00	7.00
hsa-miR-1301	2.00	1.00	0.00	0.00
hsa-miR-1302	0.00	0.00	0.00	0.00
hsa-miR-1303	0.00	2.00	0.00	0.00
hsa-miR-1304-3p	0.00	0.00	0.00	0.00
hsa-miR-1304-5p	0.00	0.00	0.00	0.00
hsa-miR-1305	1.00	0.00	0.00	0.00
hsa-miR-1306-3p	0.00	0.00	0.00	0.00
hsa-miR-1306-5p	1.00	0.00	0.00	0.00
hsa-miR-1307-3p	4.00	1.00	0.00	0.00
hsa-miR-1307-5p	0.00	0.00	0.00	0.00
hsa-miR-130a-3p	0.00	0.00	0.00	0.00
hsa-miR-130a-5p	0.00	0.00	0.00	0.00
hsa-miR-130b-3p	1.00	2.00	0.00	0.00
hsa-miR-130b-5p	72.00	92.00	10.00	27.00
hsa-miR-1321	0.00	0.00	0.00	0.00
hsa-miR-1322	0.00	0.00	0.00	0.00
hsa-miR-1323	0.00	0.00	0.00	0.00
hsa-miR-132-3p	0.00	1.00	0.00	0.00
hsa-miR-1324	0.00	0.00	0.00	0.00
hsa-miR-132-5p	0.00	0.00	0.00	0.00
hsa-miR-133a	0.00	0.00	0.00	0.00
hsa-miR-133b	0.00	0.00	0.00	0.00
hsa-miR-134	1.00	0.00	0.00	2.00
hsa-miR-1343	0.00	0.00	0.00	0.00
hsa-miR-135a-3p	0.00	0.00	0.00	0.00
hsa-miR-135a-5p	0.00	0.00	1.00	0.00
hsa-miR-135b-3p	195.00	243.00	49.00	131.00
hsa-miR-135b-5p	144.00	167.00	64.00	64.00
hsa-miR-136-3p	0.00	0.00	0.00	0.00
hsa-miR-136-5p	0.00	0.00	0.00	0.00
hsa-miR-137	0.00	0.00	0.00	0.00
hsa-miR-138-1-3p	0.00	0.00	0.00	0.00
hsa-miR-138-2-3p	0.00	0.00	0.00	0.00
hsa-miR-138-5p	0.00	0.00	0.00	0.00
hsa-miR-139-3p	0.00	0.00	0.00	0.00
hsa-miR-139-5p	0.00	0.00	0.00	0.00
hsa-miR-140-3p	21.00	17.00	4.00	6.00
hsa-miR-140-5p	2.00	3.00	2.00	2.00
hsa-miR-141-3p	127.00	149.00	38.00	80.00
hsa-miR-141-5p	0.00	2.00	1.00	0.00
hsa-miR-142-3p	0.00	0.00	0.00	0.00
hsa-miR-142-5p	0.00	0.00	0.00	0.00
hsa-miR-143-3p	3.00	4.00	1.00	1.00
hsa-miR-143-5p	0.00	0.00	0.00	0.00
hsa-miR-144-3p	0.00	0.00	0.00	0.00
hsa-miR-144-5p	0.00	0.00	0.00	0.00
hsa-miR-145-3p	0.00	0.00	0.00	0.00
hsa-miR-145-5p	0.00	0.00	0.00	0.00
hsa-miR-1468	0.00	0.00	0.00	0.00
hsa-miR-1469	0.00	0.00	0.00	0.00
hsa-miR-146a-3p	0.00	0.00	0.00	0.00
hsa-miR-146a-5p	0.00	0.00	0.00	0.00
hsa-miR-146b-3p	0.00	0.00	0.00	0.00
hsa-miR-146b-5p	19.00	37.00	4.00	5.00
hsa-miR-1470	0.00	0.00	0.00	0.00
hsa-miR-1471	0.00	0.00	0.00	0.00
hsa-miR-147a	0.00	0.00	0.00	0.00
hsa-miR-147b	0.00	0.00	0.00	0.00
hsa-miR-148a-3p	59.00	69.00	11.00	20.00
hsa-miR-148a-5p	4.00	3.00	0.00	0.00
hsa-miR-148b-3p	27.00	15.00	5.00	8.00
hsa-miR-148b-5p	1.00	2.00	0.00	0.00
hsa-miR-149-3p	0.00	0.00	0.00	0.00
hsa-miR-149-5p	0.00	0.00	0.00	0.00
hsa-miR-150-3p	0.00	0.00	0.00	0.00
hsa-miR-150-5p	0.00	0.00	0.00	0.00
hsa-miR-151a-3p	108.00	128.00	38.00	52.00
hsa-miR-151a-5p	51.00	78.00	26.00	44.00
hsa-miR-151b	45.00	75.00	24.00	43.00
hsa-miR-152	0.00	0.00	0.00	0.00
hsa-miR-153	0.00	0.00	0.00	0.00
hsa-miR-1537	1.00	0.00	0.00	0.00
hsa-miR-1538	0.00	0.00	0.00	0.00
hsa-miR-1539	0.00	0.00	0.00	0.00
hsa-miR-154-3p	0.00	0.00	0.00	0.00
hsa-miR-154-5p	0.00	0.00	0.00	0.00
hsa-miR-155-3p	0.00	0.00	0.00	0.00
hsa-miR-155-5p	0.00	0.00	0.00	0.00
hsa-miR-1587	0.00	0.00	0.00	0.00
hsa-miR-15a-3p	0.00	0.00	0.00	0.00
hsa-miR-15a-5p	3.00	5.00	1.00	2.00
hsa-miR-15b-3p	0.00	0.00	0.00	0.00
hsa-miR-15b-5p	0.00	0.00	0.00	0.00
hsa-miR-16-1-3p	0.00	0.00	0.00	0.00
hsa-miR-16-2-3p	0.00	1.00	0.00	0.00
hsa-miR-16-5p	2.00	2.00	1.00	1.00
hsa-miR-17-3p	0.00	6.00	2.00	0.00
hsa-miR-17-5p	2.00	5.00	1.00	1.00
hsa-miR-181a-2-3p	5.00	2.00	0.00	0.00
hsa-miR-181a-3p	4775.00	5271.00	1954.00	2855.00
hsa-miR-181a-5p	37181.00	56505.00	18539.00	35657.00
hsa-miR-181b-3p	311.00	394.00	140.00	235.00
hsa-miR-181b-5p	44022.00	62239.00	17135.00	31253.00
hsa-miR-181c-3p	10.00	9.00	1.00	2.00
hsa-miR-181c-5p	0.00	0.00	0.00	0.00
hsa-miR-181d	27.00	55.00	4.00	11.00
hsa-miR-182-3p	0.00	0.00	0.00	1.00
hsa-miR-1825	0.00	0.00	0.00	0.00
hsa-miR-182-5p	97.00	163.00	65.00	68.00
hsa-miR-1827	18.00	17.00	2.00	5.00
hsa-miR-183-3p	0.00	2.00	0.00	0.00
hsa-miR-183-5p	105.00	127.00	48.00	28.00
hsa-miR-184	1.00	2.00	0.00	2.00
hsa-miR-185-3p	0.00	0.00	0.00	0.00
hsa-miR-185-5p	3.00	7.00	4.00	0.00
hsa-miR-186-3p	25.00	42.00	9.00	22.00
hsa-miR-186-5p	4550.00	5695.00	1994.00	3036.00
hsa-miR-187-3p	0.00	0.00	0.00	0.00
hsa-miR-187-5p	0.00	0.00	0.00	0.00
hsa-miR-188-3p	0.00	0.00	0.00	0.00
hsa-miR-188-5p	2.00	3.00	1.00	0.00
hsa-miR-18a-3p	0.00	1.00	0.00	0.00
hsa-miR-18a-5p	2.00	0.00	0.00	2.00
hsa-miR-18b-3p	0.00	0.00	0.00	0.00
hsa-miR-18b-5p	2.00	0.00	0.00	1.00
hsa-miR-1908	0.00	0.00	0.00	0.00
hsa-miR-1909-3p	0.00	0.00	0.00	0.00
hsa-miR-1909-5p	0.00	0.00	0.00	0.00
hsa-miR-190a	0.00	1.00	0.00	0.00
hsa-miR-190b	269.00	321.00	58.00	130.00
hsa-miR-1910	0.00	0.00	0.00	0.00
hsa-miR-1911-3p	0.00	0.00	0.00	0.00
hsa-miR-1911-5p	0.00	0.00	0.00	0.00
hsa-miR-1912	0.00	0.00	0.00	0.00
hsa-miR-1913	0.00	0.00	0.00	0.00
hsa-miR-191-3p	0.00	0.00	0.00	0.00
hsa-miR-1914-3p	0.00	0.00	0.00	0.00
hsa-miR-1914-5p	0.00	0.00	0.00	0.00
hsa-miR-1915-3p	0.00	0.00	0.00	0.00
hsa-miR-1915-5p	0.00	0.00	0.00	0.00
hsa-miR-191-5p	34.00	52.00	12.00	7.00
hsa-miR-192-3p	0.00	0.00	0.00	0.00
hsa-miR-192-5p	1321.00	2235.00	588.00	1351.00
hsa-miR-193a-3p	0.00	0.00	0.00	0.00
hsa-miR-193a-5p	6.00	5.00	0.00	3.00
hsa-miR-193b-3p	0.00	0.00	0.00	0.00
hsa-miR-193b-5p	1.00	2.00	0.00	0.00
hsa-miR-194-3p	0.00	0.00	0.00	0.00
hsa-miR-194-5p	423.00	558.00	122.00	281.00
hsa-miR-195-3p	0.00	0.00	0.00	0.00
hsa-miR-195-5p	0.00	1.00	0.00	1.00
hsa-miR-196a-3p	1.00	5.00	2.00	1.00
hsa-miR-196a-5p	58.00	84.00	15.00	32.00
hsa-miR-196b-3p	0.00	0.00	0.00	0.00
hsa-miR-196b-5p	137.00	256.00	19.00	29.00
hsa-miR-1972	0.00	0.00	0.00	0.00
hsa-miR-1973	0.00	0.00	0.00	0.00
hsa-miR-197-3p	357.00	296.00	162.00	122.00
hsa-miR-197-5p	12.00	4.00	1.00	3.00
hsa-miR-1976	0.00	0.00	0.00	0.00
hsa-miR-198	0.00	0.00	0.00	0.00
hsa-miR-199a-3p	34.00	40.00	11.00	27.00
hsa-miR-199a-5p	0.00	0.00	1.00	0.00
hsa-miR-199b-3p	34.00	40.00	11.00	27.00
hsa-miR-199b-5p	0.00	0.00	0.00	0.00
hsa-miR-19a-3p	3.00	3.00	0.00	1.00
hsa-miR-19a-5p	0.00	0.00	0.00	0.00
hsa-miR-19b-1-5p	0.00	0.00	0.00	0.00
hsa-miR-19b-2-5p	0.00	0.00	0.00	0.00
hsa-miR-19b-3p	9.00	3.00	0.00	2.00
hsa-miR-200a-3p	10116.00	13536.00	2728.00	6561.00
hsa-miR-200a-5p	1464.00	1844.00	672.00	1040.00
hsa-miR-200b-3p	14642.00	15789.00	4742.00	9008.00
hsa-miR-200b-5p	759.00	917.00	318.00	648.00
hsa-miR-200c-3p	760.00	1598.00	125.00	247.00
hsa-miR-200c-5p	1.00	1.00	1.00	0.00
hsa-miR-202-3p	0.00	0.00	0.00	0.00
hsa-miR-202-5p	0.00	0.00	0.00	0.00
hsa-miR-203a	220.00	366.00	98.00	141.00
hsa-miR-203b-3p	20.00	40.00	11.00	8.00
hsa-miR-203b-5p	0.00	0.00	0.00	0.00
hsa-miR-204-3p	0.00	0.00	0.00	0.00
hsa-miR-204-5p	0.00	0.00	0.00	0.00
hsa-miR-2052	0.00	0.00	0.00	0.00
hsa-miR-2053	0.00	0.00	0.00	0.00
hsa-miR-205-3p	7.00	7.00	7.00	12.00
hsa-miR-2054	0.00	0.00	0.00	0.00
hsa-miR-205-5p	335.00	534.00	75.00	172.00
hsa-miR-206	0.00	0.00	0.00	0.00
hsa-miR-208a	0.00	0.00	0.00	0.00
hsa-miR-208b	0.00	0.00	0.00	0.00
hsa-miR-20a-3p	0.00	0.00	0.00	0.00
hsa-miR-20a-5p	7.00	16.00	3.00	4.00
hsa-miR-20b-3p	0.00	0.00	0.00	0.00
hsa-miR-20b-5p	0.00	0.00	0.00	0.00
hsa-miR-210	0.00	0.00	0.00	0.00
hsa-miR-2110	1.00	0.00	0.00	0.00
hsa-miR-2113	0.00	0.00	0.00	0.00
hsa-miR-211-3p	0.00	0.00	0.00	0.00
hsa-miR-2114-3p	0.00	0.00	0.00	0.00
hsa-miR-2114-5p	0.00	0.00	0.00	0.00
hsa-miR-2115-3p	0.00	0.00	0.00	0.00
hsa-miR-2115-5p	0.00	0.00	0.00	0.00
hsa-miR-211-5p	0.00	0.00	0.00	0.00
hsa-miR-2116-3p	0.00	0.00	0.00	0.00
hsa-miR-2116-5p	0.00	0.00	0.00	0.00
hsa-miR-2117	0.00	0.00	0.00	0.00
hsa-miR-212-3p	0.00	0.00	0.00	0.00
hsa-miR-212-5p	0.00	0.00	0.00	0.00
hsa-miR-21-3p	3.00	9.00	2.00	4.00
hsa-miR-214-3p	0.00	0.00	0.00	0.00
hsa-miR-214-5p	0.00	0.00	0.00	0.00
hsa-miR-215	143.00	174.00	80.00	142.00
hsa-miR-21-5p	822.00	852.00	394.00	299.00
hsa-miR-216a-3p	0.00	0.00	0.00	0.00
hsa-miR-216a-5p	0.00	0.00	0.00	0.00
hsa-miR-216b	0.00	0.00	0.00	0.00
hsa-miR-217	0.00	0.00	0.00	0.00
hsa-miR-218-1-3p	0.00	0.00	0.00	0.00
hsa-miR-218-2-3p	0.00	0.00	0.00	0.00
hsa-miR-218-5p	0.00	0.00	0.00	0.00
hsa-miR-219-1-3p	1.00	0.00	0.00	0.00
hsa-miR-219-2-3p	0.00	0.00	0.00	0.00
hsa-miR-219-5p	0.00	0.00	0.00	0.00
hsa-miR-221-3p	1.00	3.00	0.00	0.00
hsa-miR-221-5p	0.00	0.00	0.00	0.00
hsa-miR-222-3p	0.00	0.00	0.00	0.00
hsa-miR-222-5p	0.00	0.00	0.00	0.00
hsa-miR-223-3p	0.00	0.00	0.00	0.00
hsa-miR-223-5p	0.00	0.00	0.00	0.00
hsa-miR-22-3p	3.00	6.00	1.00	1.00
hsa-miR-224-3p	0.00	0.00	0.00	0.00
hsa-miR-224-5p	0.00	0.00	0.00	0.00
hsa-miR-22-5p	0.00	0.00	0.00	0.00
hsa-miR-2276	0.00	0.00	0.00	0.00
hsa-miR-2277-3p	0.00	0.00	0.00	0.00
hsa-miR-2277-5p	0.00	0.00	0.00	0.00
hsa-miR-2278	0.00	0.00	0.00	0.00
hsa-miR-2355-3p	1.00	0.00	0.00	0.00
hsa-miR-2355-5p	0.00	0.00	0.00	0.00
hsa-miR-2392	0.00	0.00	0.00	0.00
hsa-miR-23a-3p	2.00	1.00	1.00	0.00
hsa-miR-23a-5p	0.00	0.00	0.00	0.00
hsa-miR-23b-3p	1.00	2.00	0.00	0.00
hsa-miR-23b-5p	0.00	0.00	0.00	0.00
hsa-miR-23c	0.00	0.00	0.00	0.00
hsa-miR-24-1-5p	0.00	0.00	0.00	0.00
hsa-miR-24-2-5p	0.00	0.00	0.00	0.00
hsa-miR-24-3p	36.00	59.00	13.00	15.00
hsa-miR-2467-3p	0.00	0.00	0.00	0.00
hsa-miR-2467-5p	0.00	0.00	0.00	0.00
hsa-miR-25-3p	27.00	45.00	12.00	12.00
hsa-miR-25-5p	0.00	0.00	1.00	0.00
hsa-miR-2681-3p	0.00	0.00	0.00	0.00
hsa-miR-2681-5p	0.00	0.00	0.00	0.00
hsa-miR-2682-3p	0.00	0.00	0.00	0.00
hsa-miR-2682-5p	0.00	0.00	0.00	0.00
hsa-miR-26a-1-3p	0.00	0.00	0.00	0.00
hsa-miR-26a-2-3p	0.00	0.00	0.00	0.00
hsa-miR-26a-5p	19.00	16.00	8.00	12.00
hsa-miR-26b-3p	0.00	0.00	0.00	0.00
hsa-miR-26b-5p	9.00	9.00	3.00	3.00
hsa-miR-27a-3p	60.00	77.00	22.00	31.00
hsa-miR-27a-5p	9.00	6.00	3.00	4.00
hsa-miR-27b-3p	115.00	133.00	31.00	73.00
hsa-miR-27b-5p	0.00	0.00	0.00	0.00
hsa-miR-28-3p	72.00	68.00	39.00	38.00
hsa-miR-28-5p	545.00	561.00	188.00	402.00
hsa-miR-2861	0.00	0.00	0.00	0.00
hsa-miR-2909	0.00	0.00	0.00	0.00
hsa-miR-296-3p	1.00	0.00	0.00	0.00
hsa-miR-2964a-3p	0.00	0.00	0.00	0.00
hsa-miR-2964a-5p	0.00	0.00	0.00	0.00
hsa-miR-296-5p	0.00	0.00	0.00	0.00
hsa-miR-297	0.00	0.00	0.00	0.00
hsa-miR-298	0.00	0.00	0.00	0.00
hsa-miR-299-3p	0.00	0.00	0.00	0.00
hsa-miR-299-5p	0.00	0.00	0.00	0.00
hsa-miR-29a-3p	3.00	4.00	2.00	3.00
hsa-miR-29a-5p	0.00	0.00	0.00	0.00
hsa-miR-29b-1-5p	1.00	1.00	0.00	1.00
hsa-miR-29b-2-5p	331.00	377.00	47.00	74.00
hsa-miR-29b-3p	261.00	374.00	102.00	164.00
hsa-miR-29c-3p	308.00	409.00	143.00	297.00
hsa-miR-29c-5p	240.00	286.00	84.00	140.00
hsa-miR-300	0.00	0.00	0.00	0.00
hsa-miR-301a-3p	0.00	0.00	0.00	1.00
hsa-miR-301a-5p	0.00	0.00	0.00	0.00
hsa-miR-301b	0.00	1.00	0.00	0.00
hsa-miR-302a-3p	0.00	0.00	0.00	0.00
hsa-miR-302a-5p	0.00	0.00	0.00	0.00
hsa-miR-302b-3p	0.00	0.00	0.00	0.00
hsa-miR-302b-5p	0.00	0.00	0.00	0.00
hsa-miR-302c-3p	0.00	0.00	0.00	0.00
hsa-miR-302c-5p	0.00	0.00	0.00	0.00
hsa-miR-302d-3p	0.00	0.00	0.00	0.00
hsa-miR-302d-5p	0.00	0.00	0.00	0.00
hsa-miR-302e	0.00	0.00	0.00	0.00
hsa-miR-302f	0.00	0.00	0.00	0.00
hsa-miR-3064-3p	0.00	0.00	0.00	0.00
hsa-miR-3064-5p	0.00	0.00	0.00	0.00
hsa-miR-3065-3p	1.00	2.00	2.00	0.00
hsa-miR-3065-5p	2.00	0.00	0.00	0.00
hsa-miR-3074-3p	0.00	0.00	0.00	0.00
hsa-miR-3074-5p	0.00	0.00	0.00	0.00
hsa-miR-30a-3p	15.00	22.00	11.00	8.00
hsa-miR-30a-5p	180.00	442.00	79.00	126.00
hsa-miR-30b-3p	0.00	0.00	0.00	0.00
hsa-miR-30b-5p	726.00	473.00	320.00	378.00
hsa-miR-30c-1-3p	11.00	17.00	8.00	11.00
hsa-miR-30c-2-3p	0.00	0.00	1.00	2.00
hsa-miR-30c-5p	3633.00	3730.00	1296.00	1924.00
hsa-miR-30d-3p	0.00	0.00	0.00	0.00
hsa-miR-30d-5p	133.00	197.00	45.00	80.00
hsa-miR-30e-3p	5216.00	6922.00	2930.00	4251.00
hsa-miR-30e-5p	24905.00	40442.00	10568.00	19287.00
hsa-miR-3115	9.00	8.00	1.00	5.00
hsa-miR-3116	3.00	0.00	0.00	3.00
hsa-miR-3117-3p	0.00	0.00	0.00	0.00
hsa-miR-3117-5p	0.00	0.00	0.00	0.00
hsa-miR-3118	0.00	0.00	0.00	0.00
hsa-miR-3119	0.00	0.00	0.00	0.00
hsa-miR-3120-3p	1.00	0.00	0.00	0.00
hsa-miR-3120-5p	0.00	0.00	0.00	0.00
hsa-miR-3121-3p	2.00	0.00	0.00	2.00
hsa-miR-3121-5p	0.00	0.00	0.00	0.00
hsa-miR-3122	1.00	0.00	0.00	0.00
hsa-miR-3123	0.00	0.00	0.00	0.00
hsa-miR-3124-3p	0.00	0.00	0.00	0.00
hsa-miR-3124-5p	0.00	0.00	0.00	1.00
hsa-miR-3125	0.00	0.00	0.00	0.00
hsa-miR-3126-3p	0.00	0.00	0.00	0.00
hsa-miR-3126-5p	0.00	0.00	0.00	0.00
hsa-miR-3127-3p	0.00	0.00	0.00	0.00
hsa-miR-3127-5p	0.00	0.00	0.00	2.00
hsa-miR-3128	0.00	0.00	0.00	0.00
hsa-miR-3129-3p	0.00	0.00	0.00	0.00
hsa-miR-3129-5p	0.00	0.00	0.00	0.00
hsa-miR-3130-3p	0.00	0.00	0.00	0.00
hsa-miR-3130-5p	0.00	0.00	0.00	0.00
hsa-miR-3131	0.00	0.00	0.00	0.00
hsa-miR-3132	0.00	0.00	0.00	0.00
hsa-miR-3133	0.00	0.00	0.00	0.00
hsa-miR-3134	0.00	0.00	0.00	0.00
hsa-miR-3135a	0.00	0.00	0.00	0.00
hsa-miR-3135b	0.00	0.00	0.00	0.00
hsa-miR-3136-3p	0.00	0.00	0.00	0.00
hsa-miR-3136-5p	0.00	0.00	0.00	0.00
hsa-miR-3137	1.00	0.00	0.00	0.00
hsa-miR-3138	0.00	0.00	0.00	0.00
hsa-miR-3139	0.00	0.00	0.00	0.00
hsa-miR-31-3p	0.00	0.00	0.00	0.00
hsa-miR-3140-3p	0.00	0.00	0.00	0.00
hsa-miR-3140-5p	0.00	0.00	0.00	0.00
hsa-miR-3141	0.00	0.00	0.00	0.00
hsa-miR-3142	0.00	0.00	0.00	0.00
hsa-miR-3143	0.00	0.00	0.00	0.00
hsa-miR-3144-3p	0.00	0.00	0.00	0.00
hsa-miR-3144-5p	0.00	0.00	0.00	0.00
hsa-miR-3145-3p	0.00	0.00	0.00	0.00
hsa-miR-3145-5p	0.00	0.00	0.00	0.00
hsa-miR-3146	0.00	0.00	0.00	0.00
hsa-miR-3147	0.00	0.00	0.00	0.00
hsa-miR-3148	0.00	0.00	0.00	0.00
hsa-miR-3149	0.00	0.00	0.00	0.00
hsa-miR-3150a-3p	0.00	0.00	0.00	0.00
hsa-miR-3150a-5p	0.00	0.00	0.00	0.00
hsa-miR-3150b-3p	0.00	0.00	0.00	0.00
hsa-miR-3150b-5p	0.00	0.00	0.00	0.00
hsa-miR-3151	0.00	0.00	0.00	0.00
hsa-miR-3152-3p	0.00	0.00	0.00	0.00
hsa-miR-3152-5p	0.00	0.00	0.00	0.00
hsa-miR-3153	0.00	0.00	0.00	0.00
hsa-miR-3154	0.00	0.00	0.00	0.00
hsa-miR-3155a	0.00	0.00	0.00	0.00
hsa-miR-3155b	0.00	0.00	0.00	0.00
hsa-miR-3156-3p	0.00	0.00	0.00	0.00
hsa-miR-3156-5p	0.00	0.00	0.00	0.00
hsa-miR-3157-3p	0.00	0.00	0.00	0.00
hsa-miR-3157-5p	0.00	0.00	0.00	0.00
hsa-miR-3158-3p	0.00	0.00	0.00	0.00
hsa-miR-3158-5p	0.00	0.00	0.00	0.00
hsa-miR-3159	0.00	0.00	0.00	0.00
hsa-miR-31-5p	0.00	0.00	0.00	0.00
hsa-miR-3160-3p	0.00	0.00	0.00	0.00
hsa-miR-3160-5p	0.00	0.00	0.00	0.00
hsa-miR-3161	0.00	0.00	0.00	0.00
hsa-miR-3162-3p	0.00	0.00	0.00	0.00
hsa-miR-3162-5p	0.00	0.00	0.00	0.00
hsa-miR-3163	0.00	0.00	0.00	0.00
hsa-miR-3164	0.00	0.00	0.00	0.00
hsa-miR-3165	0.00	0.00	0.00	0.00
hsa-miR-3166	0.00	0.00	0.00	0.00
hsa-miR-3167	0.00	0.00	0.00	0.00
hsa-miR-3168	0.00	0.00	0.00	0.00
hsa-miR-3169	0.00	0.00	0.00	0.00
hsa-miR-3170	0.00	0.00	0.00	0.00
hsa-miR-3171	0.00	0.00	0.00	0.00
hsa-miR-3173-3p	0.00	0.00	0.00	0.00
hsa-miR-3173-5p	0.00	0.00	0.00	0.00
hsa-miR-3174	0.00	0.00	0.00	0.00
hsa-miR-3175	0.00	0.00	0.00	0.00
hsa-miR-3176	0.00	0.00	0.00	0.00
hsa-miR-3177-3p	1.00	0.00	0.00	0.00
hsa-miR-3177-5p	0.00	0.00	0.00	0.00
hsa-miR-3178	0.00	0.00	0.00	0.00
hsa-miR-3179	0.00	0.00	0.00	0.00
hsa-miR-3180	0.00	0.00	0.00	0.00
hsa-miR-3180-3p	0.00	0.00	0.00	0.00
hsa-miR-3180-5p	0.00	0.00	0.00	0.00
hsa-miR-3181	0.00	0.00	0.00	0.00
hsa-miR-3182	0.00	0.00	0.00	0.00
hsa-miR-3183	0.00	0.00	0.00	0.00
hsa-miR-3184-3p	0.00	0.00	0.00	0.00
hsa-miR-3184-5p	0.00	0.00	0.00	0.00
hsa-miR-3185	0.00	0.00	0.00	0.00
hsa-miR-3186-3p	0.00	0.00	0.00	0.00
hsa-miR-3186-5p	0.00	0.00	0.00	0.00
hsa-miR-3187-3p	0.00	0.00	0.00	0.00
hsa-miR-3187-5p	0.00	0.00	0.00	0.00
hsa-miR-3188	0.00	0.00	0.00	0.00
hsa-miR-3189-3p	0.00	0.00	0.00	0.00
hsa-miR-3189-5p	0.00	0.00	0.00	0.00
hsa-miR-3190-3p	0.00	0.00	0.00	0.00
hsa-miR-3190-5p	0.00	0.00	0.00	0.00
hsa-miR-3191-3p	0.00	0.00	0.00	0.00
hsa-miR-3191-5p	0.00	0.00	0.00	0.00
hsa-miR-3192	0.00	0.00	0.00	0.00
hsa-miR-3193	0.00	0.00	0.00	0.00
hsa-miR-3194-3p	0.00	0.00	0.00	0.00
hsa-miR-3194-5p	0.00	0.00	0.00	0.00
hsa-miR-3195	0.00	0.00	0.00	0.00
hsa-miR-3196	0.00	0.00	0.00	0.00
hsa-miR-3197	0.00	0.00	0.00	0.00
hsa-miR-3198	2.00	1.00	0.00	0.00
hsa-miR-3199	0.00	0.00	0.00	0.00
hsa-miR-3200-3p	0.00	0.00	0.00	0.00
hsa-miR-3200-5p	0.00	0.00	0.00	0.00
hsa-miR-3201	0.00	0.00	0.00	0.00
hsa-miR-3202	0.00	0.00	0.00	0.00
hsa-miR-320a	1347.00	1186.00	268.00	504.00
hsa-miR-320b	145.00	92.00	14.00	40.00
hsa-miR-320c	55.00	32.00	4.00	18.00
hsa-miR-320d	1.00	0.00	0.00	0.00
hsa-miR-320e	0.00	0.00	0.00	0.00
hsa-miR-323a-3p	0.00	0.00	0.00	0.00
hsa-miR-323a-5p	0.00	0.00	0.00	0.00
hsa-miR-323b-3p	0.00	0.00	0.00	0.00
hsa-miR-323b-5p	0.00	0.00	0.00	0.00
hsa-miR-32-3p	0.00	0.00	0.00	0.00
hsa-miR-324-3p	0.00	0.00	0.00	0.00
hsa-miR-324-5p	0.00	0.00	0.00	0.00
hsa-miR-325	0.00	0.00	0.00	0.00
hsa-miR-32-5p	0.00	0.00	0.00	0.00
hsa-miR-326	27.00	13.00	9.00	8.00
hsa-miR-328	0.00	0.00	0.00	0.00
hsa-miR-329	0.00	0.00	0.00	0.00
hsa-miR-330-3p	1.00	2.00	1.00	1.00
hsa-miR-330-5p	234.00	211.00	123.00	206.00
hsa-miR-331-3p	0.00	1.00	1.00	0.00
hsa-miR-331-5p	0.00	0.00	0.00	0.00
hsa-miR-335-3p	152.00	218.00	20.00	58.00
hsa-miR-335-5p	0.00	1.00	0.00	0.00
hsa-miR-337-3p	0.00	0.00	0.00	0.00
hsa-miR-337-5p	0.00	0.00	0.00	0.00
hsa-miR-338-3p	3.00	5.00	1.00	5.00
hsa-miR-338-5p	0.00	0.00	0.00	0.00
hsa-miR-339-3p	0.00	1.00	0.00	0.00
hsa-miR-339-5p	0.00	3.00	0.00	0.00
hsa-miR-33a-3p	0.00	0.00	0.00	0.00
hsa-miR-33a-5p	0.00	0.00	0.00	0.00
hsa-miR-33b-3p	0.00	0.00	0.00	0.00
hsa-miR-33b-5p	0.00	3.00	0.00	0.00
hsa-miR-340-3p	1.00	0.00	0.00	0.00
hsa-miR-340-5p	0.00	2.00	1.00	0.00
hsa-miR-342-3p	0.00	0.00	0.00	0.00
hsa-miR-342-5p	1.00	0.00	0.00	0.00
hsa-miR-345-3p	0.00	0.00	0.00	0.00
hsa-miR-345-5p	7.00	2.00	1.00	2.00
hsa-miR-346	0.00	0.00	0.00	0.00
hsa-miR-34a-3p	2.00	2.00	0.00	0.00
hsa-miR-34a-5p	459.00	552.00	182.00	351.00
hsa-miR-34b-3p	0.00	0.00	0.00	0.00
hsa-miR-34b-5p	0.00	0.00	0.00	0.00
hsa-miR-34c-3p	0.00	0.00	0.00	0.00
hsa-miR-34c-5p	1.00	0.00	0.00	0.00
hsa-miR-3529-3p	0.00	0.00	0.00	0.00
hsa-miR-3529-5p	0.00	0.00	0.00	0.00
hsa-miR-3591-3p	0.00	0.00	0.00	0.00
hsa-miR-3591-5p	0.00	0.00	0.00	0.00
hsa-miR-3605-3p	0.00	3.00	0.00	2.00
hsa-miR-3605-5p	6.00	5.00	3.00	4.00
hsa-miR-3606-3p	0.00	0.00	0.00	0.00
hsa-miR-3606-5p	0.00	0.00	0.00	0.00
hsa-miR-3607-3p	0.00	0.00	0.00	0.00
hsa-miR-3607-5p	0.00	0.00	0.00	0.00
hsa-miR-3609	0.00	0.00	0.00	0.00
hsa-miR-3610	0.00	0.00	0.00	0.00
hsa-miR-3611	0.00	0.00	0.00	0.00
hsa-miR-3612	0.00	0.00	0.00	0.00
hsa-miR-3613-3p	4.00	2.00	0.00	0.00
hsa-miR-3613-5p	0.00	0.00	0.00	0.00
hsa-miR-361-3p	0.00	0.00	0.00	0.00
hsa-miR-3614-3p	0.00	0.00	0.00	0.00
hsa-miR-3614-5p	0.00	0.00	0.00	0.00
hsa-miR-3615	0.00	0.00	0.00	0.00
hsa-miR-361-5p	1.00	2.00	1.00	1.00
hsa-miR-3616-3p	0.00	0.00	0.00	0.00
hsa-miR-3616-5p	0.00	0.00	0.00	0.00
hsa-miR-3617-3p	0.00	0.00	0.00	0.00
hsa-miR-3617-5p	0.00	0.00	0.00	0.00
hsa-miR-3618	0.00	0.00	0.00	0.00
hsa-miR-3619-3p	0.00	0.00	0.00	0.00
hsa-miR-3619-5p	0.00	0.00	0.00	0.00
hsa-miR-3620-3p	7.00	5.00	0.00	4.00
hsa-miR-3620-5p	4.00	0.00	0.00	0.00
hsa-miR-3621	0.00	0.00	0.00	0.00
hsa-miR-3622a-3p	0.00	0.00	0.00	0.00
hsa-miR-3622a-5p	0.00	0.00	0.00	0.00
hsa-miR-3622b-3p	0.00	0.00	0.00	0.00
hsa-miR-3622b-5p	0.00	0.00	0.00	0.00
hsa-miR-362-3p	0.00	0.00	0.00	0.00
hsa-miR-362-5p	0.00	0.00	0.00	0.00
hsa-miR-363-3p	0.00	0.00	0.00	0.00
hsa-miR-363-5p	0.00	0.00	0.00	0.00
hsa-miR-3646	0.00	0.00	0.00	0.00
hsa-miR-3648	0.00	0.00	0.00	0.00
hsa-miR-3649	0.00	0.00	0.00	0.00
hsa-miR-3650	0.00	0.00	0.00	0.00
hsa-miR-3651	0.00	0.00	0.00	0.00
hsa-miR-3652	0.00	0.00	0.00	0.00
hsa-miR-3653	0.00	0.00	0.00	1.00
hsa-miR-3654	0.00	0.00	0.00	0.00
hsa-miR-3655	0.00	0.00	0.00	0.00
hsa-miR-3656	0.00	0.00	0.00	0.00
hsa-miR-3657	0.00	0.00	0.00	0.00
hsa-miR-3658	0.00	0.00	0.00	0.00
hsa-miR-3659	2.00	2.00	0.00	2.00
hsa-miR-365a-3p	1.00	0.00	1.00	0.00
hsa-miR-365a-5p	4.00	4.00	2.00	1.00
hsa-miR-365b-3p	1.00	0.00	1.00	0.00
hsa-miR-365b-5p	3.00	2.00	0.00	0.00
hsa-miR-3660	0.00	0.00	1.00	1.00
hsa-miR-3661	0.00	0.00	0.00	0.00
hsa-miR-3662	0.00	0.00	0.00	0.00
hsa-miR-3663-3p	0.00	0.00	0.00	0.00
hsa-miR-3663-5p	0.00	0.00	0.00	0.00
hsa-miR-3664-3p	0.00	0.00	0.00	0.00
hsa-miR-3664-5p	0.00	0.00	0.00	0.00
hsa-miR-3665	0.00	0.00	0.00	0.00
hsa-miR-3666	0.00	0.00	0.00	0.00
hsa-miR-3667-3p	0.00	0.00	0.00	0.00
hsa-miR-3667-5p	0.00	0.00	0.00	0.00
hsa-miR-3668	0.00	0.00	0.00	0.00
hsa-miR-3669	0.00	0.00	0.00	0.00
hsa-miR-3670	0.00	0.00	0.00	0.00
hsa-miR-3671	0.00	0.00	0.00	0.00
hsa-miR-3672	0.00	0.00	0.00	0.00
hsa-miR-3673	0.00	0.00	0.00	0.00
hsa-miR-367-3p	0.00	0.00	0.00	0.00
hsa-miR-3674	0.00	0.00	0.00	0.00
hsa-miR-3675-3p	0.00	0.00	0.00	0.00
hsa-miR-3675-5p	0.00	1.00	0.00	0.00
hsa-miR-367-5p	0.00	0.00	0.00	0.00
hsa-miR-3676-3p	0.00	0.00	0.00	0.00
hsa-miR-3676-5p	0.00	0.00	0.00	0.00
hsa-miR-3677-3p	0.00	2.00	0.00	1.00
hsa-miR-3677-5p	0.00	0.00	0.00	0.00
hsa-miR-3678-3p	0.00	0.00	0.00	0.00
hsa-miR-3678-5p	0.00	0.00	0.00	0.00
hsa-miR-3679-3p	0.00	0.00	0.00	0.00
hsa-miR-3679-5p	1.00	0.00	0.00	1.00
hsa-miR-3680-3p	0.00	0.00	0.00	0.00
hsa-miR-3680-5p	0.00	0.00	0.00	0.00
hsa-miR-3681-3p	0.00	0.00	0.00	0.00
hsa-miR-3681-5p	0.00	0.00	0.00	0.00
hsa-miR-3682-3p	0.00	0.00	0.00	0.00
hsa-miR-3682-5p	0.00	0.00	0.00	0.00
hsa-miR-3683	0.00	0.00	0.00	0.00
hsa-miR-3684	0.00	0.00	0.00	0.00
hsa-miR-3685	0.00	0.00	0.00	0.00
hsa-miR-3686	0.00	0.00	0.00	0.00
hsa-miR-3687	0.00	0.00	0.00	0.00
hsa-miR-3688-3p	0.00	0.00	0.00	0.00
hsa-miR-3688-5p	0.00	0.00	0.00	0.00
hsa-miR-3689a-3p	0.00	0.00	0.00	0.00
hsa-miR-3689a-5p	0.00	0.00	0.00	0.00
hsa-miR-3689b-3p	0.00	0.00	0.00	0.00
hsa-miR-3689b-5p	0.00	0.00	0.00	0.00
hsa-miR-3689c	0.00	0.00	0.00	0.00
hsa-miR-3689d	0.00	0.00	0.00	0.00
hsa-miR-3689e	0.00	0.00	0.00	0.00
hsa-miR-3689f	0.00	0.00	0.00	0.00
hsa-miR-3690	0.00	0.00	0.00	0.00
hsa-miR-3691-3p	0.00	0.00	0.00	0.00
hsa-miR-3691-5p	1.00	0.00	0.00	0.00
hsa-miR-3692-3p	0.00	0.00	0.00	0.00
hsa-miR-3692-5p	0.00	0.00	0.00	0.00
hsa-miR-369-3p	0.00	0.00	0.00	0.00
hsa-miR-369-5p	0.00	0.00	0.00	0.00
hsa-miR-370	0.00	0.00	0.00	0.00
hsa-miR-3713	0.00	0.00	0.00	0.00
hsa-miR-3714	0.00	0.00	0.00	0.00
hsa-miR-371a-3p	0.00	0.00	0.00	0.00
hsa-miR-371a-5p	0.00	0.00	0.00	0.00
hsa-miR-371b-3p	0.00	0.00	0.00	0.00
hsa-miR-371b-5p	0.00	0.00	0.00	0.00
hsa-miR-372	0.00	0.00	0.00	0.00
hsa-miR-373-3p	0.00	0.00	0.00	0.00
hsa-miR-373-5p	0.00	0.00	0.00	0.00
hsa-miR-374a-3p	18.00	39.00	10.00	20.00
hsa-miR-374a-5p	1.00	0.00	0.00	0.00
hsa-miR-374b-3p	0.00	1.00	0.00	0.00
hsa-miR-374b-5p	1.00	8.00	2.00	0.00
hsa-miR-374c-3p	0.00	1.00	0.00	0.00
hsa-miR-374c-5p	0.00	0.00	0.00	0.00
hsa-miR-375	1.00	0.00	0.00	0.00
hsa-miR-376a-2-5p	0.00	0.00	0.00	0.00
hsa-miR-376a-3p	0.00	0.00	0.00	0.00
hsa-miR-376a-5p	0.00	0.00	0.00	0.00
hsa-miR-376b-3p	0.00	0.00	0.00	0.00
hsa-miR-376b-5p	0.00	0.00	0.00	0.00
hsa-miR-376c-3p	0.00	0.00	0.00	0.00
hsa-miR-376c-5p	0.00	0.00	0.00	0.00
hsa-miR-377-3p	0.00	0.00	0.00	0.00
hsa-miR-377-5p	0.00	0.00	0.00	0.00
hsa-miR-378a-3p	1502.00	2080.00	388.00	615.00
hsa-miR-378a-5p	127.00	127.00	28.00	64.00
hsa-miR-378b	20.00	29.00	2.00	9.00
hsa-miR-378c	328.00	412.00	81.00	100.00
hsa-miR-378d	107.00	111.00	30.00	26.00
hsa-miR-378e	0.00	0.00	0.00	0.00
hsa-miR-378f	342.00	349.00	72.00	128.00
hsa-miR-378g	209.00	285.00	62.00	138.00
hsa-miR-378h	0.00	0.00	0.00	0.00
hsa-miR-378i	0.00	1.00	0.00	0.00
hsa-miR-378j	4.00	2.00	0.00	0.00
hsa-miR-379-3p	0.00	0.00	0.00	0.00
hsa-miR-379-5p	0.00	0.00	2.00	0.00
hsa-miR-380-3p	0.00	0.00	0.00	0.00
hsa-miR-380-5p	0.00	0.00	0.00	0.00
hsa-miR-381-3p	0.00	0.00	0.00	0.00
hsa-miR-381-5p	0.00	0.00	0.00	0.00
hsa-miR-382-3p	0.00	0.00	0.00	0.00
hsa-miR-382-5p	0.00	0.00	1.00	0.00
hsa-miR-383	0.00	0.00	0.00	0.00
hsa-miR-384	0.00	0.00	0.00	0.00
hsa-miR-3907	0.00	0.00	0.00	0.00
hsa-miR-3908	0.00	0.00	0.00	0.00
hsa-miR-3909	0.00	0.00	0.00	0.00
hsa-miR-3910	0.00	0.00	0.00	0.00
hsa-miR-3911	1.00	0.00	0.00	0.00
hsa-miR-3912	0.00	0.00	0.00	0.00
hsa-miR-3913-3p	0.00	0.00	0.00	0.00
hsa-miR-3913-5p	0.00	0.00	0.00	0.00
hsa-miR-3914	0.00	0.00	0.00	0.00
hsa-miR-3915	0.00	0.00	0.00	0.00
hsa-miR-3916	0.00	0.00	0.00	0.00
hsa-miR-3917	0.00	6.00	0.00	6.00
hsa-miR-3918	0.00	0.00	0.00	0.00
hsa-miR-3919	0.00	0.00	0.00	0.00
hsa-miR-3920	1.00	0.00	0.00	0.00
hsa-miR-3921	0.00	0.00	0.00	0.00
hsa-miR-3922-3p	0.00	0.00	0.00	0.00
hsa-miR-3922-5p	0.00	0.00	0.00	0.00
hsa-miR-3923	0.00	0.00	0.00	0.00
hsa-miR-3924	0.00	0.00	0.00	0.00
hsa-miR-3925-3p	0.00	0.00	0.00	0.00
hsa-miR-3925-5p	0.00	0.00	0.00	0.00
hsa-miR-3926	0.00	0.00	0.00	0.00
hsa-miR-3927-3p	0.00	0.00	0.00	0.00
hsa-miR-3927-5p	0.00	0.00	0.00	0.00
hsa-miR-3928	0.00	0.00	0.00	0.00
hsa-miR-3929	0.00	0.00	0.00	0.00
hsa-miR-3934-3p	0.00	0.00	0.00	0.00
hsa-miR-3934-5p	1012.00	1153.00	384.00	503.00
hsa-miR-3935	0.00	0.00	0.00	0.00
hsa-miR-3936	0.00	0.00	0.00	0.00
hsa-miR-3937	0.00	0.00	0.00	0.00
hsa-miR-3938	0.00	0.00	0.00	0.00
hsa-miR-3939	0.00	0.00	0.00	0.00
hsa-miR-3940-3p	0.00	0.00	0.00	0.00
hsa-miR-3940-5p	0.00	0.00	0.00	0.00
hsa-miR-3941	0.00	0.00	0.00	0.00
hsa-miR-3942-3p	0.00	0.00	0.00	0.00
hsa-miR-3942-5p	0.00	0.00	0.00	1.00
hsa-miR-3943	0.00	0.00	0.00	0.00
hsa-miR-3944-3p	2.00	0.00	0.00	0.00
hsa-miR-3944-5p	0.00	0.00	0.00	0.00
hsa-miR-3945	0.00	0.00	0.00	0.00
hsa-miR-3960	0.00	0.00	0.00	0.00
hsa-miR-3972	0.00	0.00	0.00	0.00
hsa-miR-3973	0.00	0.00	0.00	0.00
hsa-miR-3974	0.00	0.00	0.00	0.00
hsa-miR-3975	0.00	0.00	0.00	0.00
hsa-miR-3976	0.00	0.00	0.00	0.00
hsa-miR-3977	0.00	0.00	0.00	0.00
hsa-miR-3978	0.00	0.00	0.00	0.00
hsa-miR-409-3p	0.00	0.00	0.00	0.00
hsa-miR-409-5p	0.00	0.00	0.00	0.00
hsa-miR-410	0.00	0.00	0.00	0.00
hsa-miR-411-3p	0.00	0.00	0.00	0.00
hsa-miR-411-5p	0.00	0.00	0.00	0.00
hsa-miR-412	0.00	0.00	0.00	0.00
hsa-miR-421	0.00	1.00	0.00	0.00
hsa-miR-422a	0.00	0.00	0.00	0.00
hsa-miR-423-3p	10.00	31.00	3.00	6.00
hsa-miR-423-5p	1.00	2.00	0.00	0.00
hsa-miR-424-3p	0.00	0.00	0.00	0.00
hsa-miR-424-5p	0.00	0.00	0.00	0.00
hsa-miR-4251	0.00	0.00	0.00	0.00
hsa-miR-4252	0.00	0.00	0.00	0.00
hsa-miR-4253	0.00	0.00	0.00	0.00
hsa-miR-425-3p	1.00	0.00	0.00	0.00
hsa-miR-4254	0.00	0.00	0.00	0.00
hsa-miR-4255	0.00	0.00	0.00	0.00
hsa-miR-425-5p	2.00	2.00	1.00	0.00
hsa-miR-4256	0.00	0.00	0.00	0.00
hsa-miR-4257	0.00	0.00	0.00	0.00
hsa-miR-4258	0.00	0.00	0.00	0.00
hsa-miR-4259	0.00	0.00	0.00	0.00
hsa-miR-4260	0.00	0.00	0.00	0.00
hsa-miR-4261	0.00	0.00	0.00	0.00
hsa-miR-4262	0.00	0.00	0.00	0.00
hsa-miR-4263	0.00	0.00	0.00	0.00
hsa-miR-4264	0.00	0.00	0.00	0.00
hsa-miR-4265	0.00	0.00	0.00	0.00
hsa-miR-4266	0.00	0.00	0.00	0.00
hsa-miR-4267	0.00	0.00	0.00	0.00
hsa-miR-4268	0.00	0.00	0.00	0.00
hsa-miR-4269	0.00	0.00	0.00	0.00
hsa-miR-4270	0.00	0.00	0.00	0.00
hsa-miR-4271	0.00	0.00	0.00	0.00
hsa-miR-4272	0.00	0.00	0.00	0.00
hsa-miR-4273	0.00	0.00	0.00	0.00
hsa-miR-4274	0.00	0.00	0.00	0.00
hsa-miR-4275	0.00	0.00	0.00	0.00
hsa-miR-4276	0.00	0.00	0.00	0.00
hsa-miR-4277	0.00	0.00	0.00	0.00
hsa-miR-4278	0.00	0.00	0.00	0.00
hsa-miR-4279	0.00	0.00	0.00	0.00
hsa-miR-4280	0.00	0.00	0.00	0.00
hsa-miR-4281	0.00	0.00	0.00	0.00
hsa-miR-4282	0.00	0.00	0.00	0.00
hsa-miR-4283	0.00	0.00	0.00	0.00
hsa-miR-4284	0.00	0.00	0.00	0.00
hsa-miR-4285	0.00	0.00	0.00	0.00
hsa-miR-4286	0.00	0.00	0.00	0.00
hsa-miR-4287	0.00	0.00	0.00	0.00
hsa-miR-4288	0.00	0.00	0.00	0.00
hsa-miR-4289	0.00	0.00	0.00	0.00
hsa-miR-429	4079.00	5193.00	1052.00	2258.00
hsa-miR-4290	0.00	0.00	0.00	0.00
hsa-miR-4291	0.00	0.00	0.00	0.00
hsa-miR-4292	0.00	0.00	0.00	0.00
hsa-miR-4293	0.00	0.00	0.00	0.00
hsa-miR-4294	0.00	0.00	0.00	0.00
hsa-miR-4295	0.00	0.00	0.00	0.00
hsa-miR-4296	0.00	0.00	0.00	0.00
hsa-miR-4297	0.00	0.00	0.00	0.00
hsa-miR-4298	0.00	0.00	0.00	0.00
hsa-miR-4299	0.00	0.00	0.00	0.00
hsa-miR-4300	0.00	0.00	0.00	0.00
hsa-miR-4301	0.00	0.00	0.00	0.00
hsa-miR-4302	0.00	0.00	0.00	0.00
hsa-miR-4303	0.00	0.00	0.00	0.00
hsa-miR-4304	0.00	0.00	0.00	0.00
hsa-miR-4305	0.00	0.00	0.00	0.00
hsa-miR-4306	0.00	0.00	0.00	0.00
hsa-miR-4307	0.00	0.00	0.00	0.00
hsa-miR-4308	0.00	0.00	0.00	0.00
hsa-miR-4309	0.00	0.00	0.00	0.00
hsa-miR-4310	0.00	0.00	0.00	0.00
hsa-miR-4311	0.00	0.00	0.00	0.00
hsa-miR-4312	0.00	0.00	0.00	0.00
hsa-miR-4313	0.00	0.00	0.00	0.00
hsa-miR-431-3p	0.00	1.00	0.00	0.00
hsa-miR-4314	0.00	0.00	0.00	0.00
hsa-miR-4315	0.00	0.00	0.00	0.00
hsa-miR-431-5p	0.00	0.00	0.00	0.00
hsa-miR-4316	0.00	0.00	0.00	0.00
hsa-miR-4317	0.00	0.00	0.00	0.00
hsa-miR-4318	0.00	0.00	0.00	0.00
hsa-miR-4319	0.00	0.00	0.00	0.00
hsa-miR-4320	0.00	0.00	0.00	0.00
hsa-miR-4321	0.00	0.00	0.00	0.00
hsa-miR-4322	0.00	0.00	0.00	0.00
hsa-miR-4323	0.00	0.00	0.00	0.00
hsa-miR-432-3p	0.00	0.00	0.00	0.00
hsa-miR-4324	0.00	0.00	0.00	0.00
hsa-miR-4325	0.00	0.00	0.00	0.00
hsa-miR-432-5p	0.00	0.00	0.00	0.00
hsa-miR-4326	0.00	0.00	0.00	0.00
hsa-miR-4327	0.00	0.00	0.00	0.00
hsa-miR-4328	0.00	0.00	0.00	0.00
hsa-miR-4329	0.00	0.00	0.00	0.00
hsa-miR-433	0.00	0.00	0.00	0.00
hsa-miR-4330	0.00	0.00	0.00	0.00
hsa-miR-4417	2.00	2.00	0.00	0.00
hsa-miR-4418	0.00	0.00	0.00	0.00
hsa-miR-4419a	0.00	0.00	0.00	0.00
hsa-miR-4419b	0.00	0.00	0.00	0.00
hsa-miR-4420	0.00	0.00	0.00	0.00
hsa-miR-4421	0.00	0.00	0.00	0.00
hsa-miR-4422	0.00	0.00	0.00	0.00
hsa-miR-4423-3p	0.00	0.00	0.00	0.00
hsa-miR-4423-5p	0.00	0.00	0.00	0.00
hsa-miR-4424	0.00	1.00	0.00	0.00
hsa-miR-4425	0.00	0.00	0.00	0.00
hsa-miR-4426	0.00	0.00	0.00	0.00
hsa-miR-4427	0.00	0.00	0.00	0.00
hsa-miR-4428	0.00	0.00	0.00	0.00
hsa-miR-4429	0.00	2.00	0.00	0.00
hsa-miR-4430	0.00	0.00	0.00	0.00
hsa-miR-4431	0.00	0.00	0.00	0.00
hsa-miR-4432	0.00	0.00	0.00	0.00
hsa-miR-4433-3p	0.00	0.00	0.00	0.00
hsa-miR-4433-5p	0.00	0.00	0.00	0.00
hsa-miR-4434	0.00	0.00	0.00	0.00
hsa-miR-4435	0.00	0.00	0.00	0.00
hsa-miR-4436a	0.00	0.00	0.00	0.00
hsa-miR-4436b-3p	0.00	0.00	0.00	0.00
hsa-miR-4436b-5p	0.00	0.00	0.00	0.00
hsa-miR-4437	0.00	0.00	0.00	0.00
hsa-miR-4438	0.00	0.00	0.00	0.00
hsa-miR-4439	0.00	0.00	0.00	0.00
hsa-miR-4440	0.00	0.00	0.00	0.00
hsa-miR-4441	0.00	0.00	0.00	0.00
hsa-miR-4442	0.00	0.00	0.00	0.00
hsa-miR-4443	0.00	0.00	0.00	0.00
hsa-miR-4444	0.00	0.00	0.00	0.00
hsa-miR-4445-3p	0.00	0.00	0.00	0.00
hsa-miR-4445-5p	0.00	0.00	0.00	0.00
hsa-miR-4446-3p	537.00	613.00	160.00	266.00
hsa-miR-4446-5p	0.00	0.00	0.00	0.00
hsa-miR-4447	0.00	0.00	0.00	0.00
hsa-miR-4448	0.00	0.00	0.00	0.00
hsa-miR-4449	0.00	0.00	0.00	0.00
hsa-miR-4450	0.00	0.00	0.00	0.00
hsa-miR-4451	0.00	0.00	0.00	0.00
hsa-miR-4452	0.00	0.00	0.00	0.00
hsa-miR-4453	0.00	0.00	0.00	0.00
hsa-miR-4454	0.00	0.00	0.00	0.00
hsa-miR-4455	0.00	0.00	0.00	0.00
hsa-miR-4456	0.00	0.00	0.00	0.00
hsa-miR-4457	0.00	0.00	0.00	0.00
hsa-miR-4458	1.00	0.00	0.00	0.00
hsa-miR-4459	0.00	0.00	0.00	0.00
hsa-miR-4460	0.00	0.00	0.00	0.00
hsa-miR-4461	0.00	0.00	0.00	0.00
hsa-miR-4462	0.00	0.00	0.00	0.00
hsa-miR-4463	0.00	0.00	0.00	0.00
hsa-miR-4464	0.00	0.00	0.00	0.00
hsa-miR-4465	0.00	0.00	0.00	0.00
hsa-miR-4466	0.00	0.00	0.00	0.00
hsa-miR-4467	0.00	0.00	0.00	0.00
hsa-miR-4468	0.00	0.00	0.00	0.00
hsa-miR-4469	0.00	0.00	0.00	0.00
hsa-miR-4470	0.00	0.00	0.00	0.00
hsa-miR-4471	0.00	0.00	0.00	0.00
hsa-miR-4472	0.00	0.00	0.00	0.00
hsa-miR-4473	0.00	0.00	0.00	0.00
hsa-miR-4474-3p	0.00	0.00	0.00	0.00
hsa-miR-4474-5p	0.00	0.00	0.00	0.00
hsa-miR-4475	0.00	0.00	0.00	0.00
hsa-miR-4476	0.00	0.00	0.00	0.00
hsa-miR-4477a	0.00	0.00	0.00	0.00
hsa-miR-4477b	0.00	0.00	0.00	0.00
hsa-miR-4478	0.00	0.00	0.00	0.00
hsa-miR-4479	0.00	0.00	0.00	0.00
hsa-miR-448	0.00	0.00	0.00	0.00
hsa-miR-4480	0.00	0.00	0.00	0.00
hsa-miR-4481	0.00	0.00	0.00	0.00
hsa-miR-4482-3p	0.00	0.00	0.00	0.00
hsa-miR-4482-5p	0.00	0.00	0.00	0.00
hsa-miR-4483	0.00	0.00	0.00	0.00
hsa-miR-4484	0.00	0.00	0.00	0.00
hsa-miR-4485	0.00	0.00	0.00	0.00
hsa-miR-4486	0.00	0.00	0.00	0.00
hsa-miR-4487	0.00	0.00	0.00	0.00
hsa-miR-4488	64.00	1.00	40.00	0.00
hsa-miR-4489	0.00	0.00	0.00	0.00
hsa-miR-4490	0.00	0.00	0.00	0.00
hsa-miR-4491	0.00	0.00	0.00	0.00
hsa-miR-4492	0.00	0.00	0.00	0.00
hsa-miR-4493	0.00	0.00	0.00	0.00
hsa-miR-4494	0.00	0.00	0.00	0.00
hsa-miR-4495	0.00	0.00	0.00	0.00
hsa-miR-4496	0.00	0.00	0.00	0.00
hsa-miR-4497	0.00	0.00	0.00	0.00
hsa-miR-4498	0.00	2.00	0.00	0.00
hsa-miR-4499	0.00	0.00	0.00	0.00
hsa-miR-449a	0.00	0.00	0.00	0.00
hsa-miR-449b-3p	0.00	0.00	0.00	0.00
hsa-miR-449b-5p	0.00	0.00	0.00	0.00
hsa-miR-449c-3p	0.00	0.00	0.00	0.00
hsa-miR-449c-5p	0.00	0.00	0.00	0.00
hsa-miR-4500	0.00	0.00	0.00	0.00
hsa-miR-4501	0.00	0.00	0.00	0.00
hsa-miR-4502	0.00	0.00	0.00	0.00
hsa-miR-4503	0.00	0.00	0.00	0.00
hsa-miR-4504	0.00	0.00	0.00	0.00
hsa-miR-4505	0.00	0.00	0.00	0.00
hsa-miR-4506	0.00	0.00	0.00	0.00
hsa-miR-4507	0.00	1.00	0.00	0.00
hsa-miR-4508	0.00	0.00	1.00	0.00
hsa-miR-4509	0.00	0.00	0.00	0.00
hsa-miR-450a-3p	0.00	0.00	0.00	0.00
hsa-miR-450a-5p	0.00	0.00	0.00	0.00
hsa-miR-450b-3p	0.00	0.00	0.00	0.00
hsa-miR-450b-5p	0.00	1.00	1.00	0.00
hsa-miR-4510	0.00	1.00	0.00	0.00
hsa-miR-4511	0.00	0.00	0.00	0.00
hsa-miR-4512	0.00	0.00	1.00	1.00
hsa-miR-4513	0.00	0.00	0.00	0.00
hsa-miR-4514	0.00	0.00	0.00	0.00
hsa-miR-4515	0.00	0.00	0.00	0.00
hsa-miR-4516	0.00	0.00	0.00	0.00
hsa-miR-4517	0.00	0.00	0.00	0.00
hsa-miR-4518	0.00	0.00	0.00	0.00
hsa-miR-4519	0.00	0.00	0.00	0.00
hsa-miR-451a	0.00	0.00	0.00	0.00
hsa-miR-451b	0.00	0.00	0.00	0.00
hsa-miR-4520a-3p	0.00	0.00	0.00	0.00
hsa-miR-4520a-5p	0.00	0.00	0.00	0.00
hsa-miR-4520b-3p	0.00	0.00	0.00	0.00
hsa-miR-4520b-5p	0.00	0.00	0.00	0.00
hsa-miR-4521	0.00	0.00	0.00	0.00
hsa-miR-4522	0.00	0.00	0.00	0.00
hsa-miR-4523	0.00	0.00	0.00	0.00
hsa-miR-452-3p	0.00	0.00	0.00	0.00
hsa-miR-4524a-3p	0.00	0.00	0.00	0.00
hsa-miR-4524a-5p	0.00	0.00	0.00	0.00
hsa-miR-4524b-3p	0.00	0.00	0.00	0.00
hsa-miR-4524b-5p	0.00	0.00	0.00	0.00
hsa-miR-4525	0.00	0.00	0.00	0.00
hsa-miR-452-5p	0.00	0.00	0.00	0.00
hsa-miR-4526	0.00	0.00	0.00	0.00
hsa-miR-4527	0.00	0.00	0.00	0.00
hsa-miR-4528	0.00	0.00	0.00	0.00
hsa-miR-4529-3p	0.00	0.00	0.00	0.00
hsa-miR-4529-5p	0.00	0.00	0.00	0.00
hsa-miR-4530	0.00	0.00	0.00	0.00
hsa-miR-4531	0.00	0.00	0.00	0.00
hsa-miR-4532	0.00	0.00	0.00	0.00
hsa-miR-4533	0.00	0.00	0.00	0.00
hsa-miR-4534	0.00	0.00	0.00	0.00
hsa-miR-4535	0.00	0.00	0.00	0.00
hsa-miR-4536-3p	0.00	0.00	0.00	0.00
hsa-miR-4536-5p	0.00	0.00	0.00	0.00
hsa-miR-4537	0.00	0.00	0.00	0.00
hsa-miR-4538	0.00	0.00	0.00	0.00
hsa-miR-4539	0.00	0.00	0.00	0.00
hsa-miR-4540	0.00	0.00	0.00	0.00
hsa-miR-454-3p	0.00	0.00	0.00	0.00
hsa-miR-454-5p	0.00	0.00	0.00	0.00
hsa-miR-455-3p	0.00	0.00	0.00	0.00
hsa-miR-455-5p	1.00	0.00	0.00	0.00
hsa-miR-4632-3p	0.00	0.00	0.00	0.00
hsa-miR-4632-5p	0.00	0.00	0.00	0.00
hsa-miR-4633-3p	0.00	0.00	0.00	0.00
hsa-miR-4633-5p	0.00	0.00	0.00	0.00
hsa-miR-4634	0.00	0.00	0.00	0.00
hsa-miR-4635	0.00	0.00	0.00	0.00
hsa-miR-4636	0.00	0.00	0.00	0.00
hsa-miR-4637	0.00	0.00	0.00	0.00
hsa-miR-4638-3p	0.00	1.00	0.00	0.00
hsa-miR-4638-5p	0.00	0.00	0.00	0.00
hsa-miR-4639-3p	0.00	0.00	0.00	0.00
hsa-miR-4639-5p	0.00	0.00	0.00	0.00
hsa-miR-4640-3p	0.00	0.00	0.00	0.00
hsa-miR-4640-5p	0.00	0.00	0.00	0.00
hsa-miR-4641	0.00	0.00	0.00	0.00
hsa-miR-4642	0.00	0.00	0.00	0.00
hsa-miR-4643	0.00	0.00	0.00	0.00
hsa-miR-4644	2.00	4.00	1.00	3.00
hsa-miR-4645-3p	0.00	0.00	0.00	0.00
hsa-miR-4645-5p	0.00	0.00	0.00	0.00
hsa-miR-4646-3p	0.00	0.00	0.00	0.00
hsa-miR-4646-5p	0.00	0.00	0.00	0.00
hsa-miR-4647	0.00	0.00	0.00	0.00
hsa-miR-4648	0.00	0.00	0.00	0.00
hsa-miR-4649-3p	0.00	0.00	0.00	0.00
hsa-miR-4649-5p	0.00	0.00	0.00	0.00
hsa-miR-4650-3p	0.00	0.00	0.00	0.00
hsa-miR-4650-5p	0.00	0.00	0.00	0.00
hsa-miR-4651	0.00	0.00	0.00	0.00
hsa-miR-4652-3p	0.00	0.00	0.00	0.00
hsa-miR-4652-5p	0.00	0.00	0.00	0.00
hsa-miR-4653-3p	0.00	0.00	0.00	0.00
hsa-miR-4653-5p	0.00	0.00	0.00	0.00
hsa-miR-4654	56.00	39.00	14.00	33.00
hsa-miR-4655-3p	0.00	0.00	0.00	0.00
hsa-miR-4655-5p	0.00	0.00	0.00	0.00
hsa-miR-4656	0.00	0.00	0.00	0.00
hsa-miR-4657	0.00	0.00	0.00	0.00
hsa-miR-4658	0.00	0.00	0.00	0.00
hsa-miR-4659a-3p	0.00	0.00	0.00	1.00
hsa-miR-4659a-5p	0.00	0.00	0.00	0.00
hsa-miR-4659b-3p	0.00	0.00	0.00	1.00
hsa-miR-4659b-5p	0.00	0.00	0.00	0.00
hsa-miR-466	0.00	0.00	0.00	0.00
hsa-miR-4660	0.00	0.00	0.00	0.00
hsa-miR-4661-3p	0.00	0.00	0.00	0.00
hsa-miR-4661-5p	0.00	1.00	0.00	0.00
hsa-miR-4662a-3p	0.00	0.00	0.00	0.00
hsa-miR-4662a-5p	0.00	0.00	0.00	0.00
hsa-miR-4662b	0.00	0.00	0.00	0.00
hsa-miR-4663	0.00	0.00	0.00	0.00
hsa-miR-4664-3p	0.00	0.00	0.00	0.00
hsa-miR-4664-5p	0.00	0.00	0.00	0.00
hsa-miR-4665-3p	0.00	0.00	0.00	0.00
hsa-miR-4665-5p	0.00	0.00	0.00	0.00
hsa-miR-4666a-3p	0.00	2.00	0.00	0.00
hsa-miR-4666a-5p	6.00	0.00	4.00	2.00
hsa-miR-4666b	0.00	0.00	0.00	0.00
hsa-miR-4667-3p	0.00	0.00	0.00	0.00
hsa-miR-4667-5p	0.00	0.00	0.00	0.00
hsa-miR-4668-3p	0.00	0.00	0.00	0.00
hsa-miR-4668-5p	0.00	0.00	0.00	0.00
hsa-miR-4669	0.00	0.00	0.00	0.00
hsa-miR-4670-3p	0.00	0.00	0.00	0.00
hsa-miR-4670-5p	0.00	0.00	0.00	0.00
hsa-miR-4671-3p	0.00	0.00	0.00	0.00
hsa-miR-4671-5p	0.00	0.00	0.00	0.00
hsa-miR-4672	0.00	0.00	0.00	0.00
hsa-miR-4673	0.00	0.00	0.00	0.00
hsa-miR-4674	0.00	0.00	0.00	0.00
hsa-miR-4675	0.00	0.00	0.00	0.00
hsa-miR-4676-3p	0.00	0.00	0.00	0.00
hsa-miR-4676-5p	0.00	0.00	0.00	0.00
hsa-miR-4677-3p	54.00	82.00	24.00	43.00
hsa-miR-4677-5p	3.00	9.00	1.00	2.00
hsa-miR-4678	0.00	0.00	0.00	0.00
hsa-miR-4679	0.00	0.00	0.00	0.00
hsa-miR-4680-3p	0.00	0.00	0.00	0.00
hsa-miR-4680-5p	0.00	0.00	0.00	0.00
hsa-miR-4681	0.00	0.00	0.00	0.00
hsa-miR-4682	0.00	0.00	0.00	0.00
hsa-miR-4683	0.00	0.00	0.00	0.00
hsa-miR-4684-3p	0.00	1.00	0.00	0.00
hsa-miR-4684-5p	0.00	0.00	0.00	0.00
hsa-miR-4685-3p	0.00	0.00	0.00	0.00
hsa-miR-4685-5p	0.00	0.00	0.00	0.00
hsa-miR-4686	0.00	0.00	0.00	0.00
hsa-miR-4687-3p	0.00	0.00	0.00	0.00
hsa-miR-4687-5p	0.00	0.00	0.00	0.00
hsa-miR-4688	0.00	0.00	0.00	0.00
hsa-miR-4689	5.00	0.00	0.00	0.00
hsa-miR-4690-3p	0.00	0.00	0.00	0.00
hsa-miR-4690-5p	0.00	0.00	0.00	0.00
hsa-miR-4691-3p	0.00	0.00	0.00	0.00
hsa-miR-4691-5p	0.00	0.00	0.00	0.00
hsa-miR-4692	0.00	0.00	0.00	0.00
hsa-miR-4693-3p	0.00	0.00	0.00	0.00
hsa-miR-4693-5p	0.00	0.00	0.00	0.00
hsa-miR-4694-3p	0.00	0.00	0.00	0.00
hsa-miR-4694-5p	0.00	0.00	0.00	0.00
hsa-miR-4695-3p	1.00	0.00	0.00	0.00
hsa-miR-4695-5p	1.00	0.00	0.00	1.00
hsa-miR-4696	0.00	0.00	0.00	0.00
hsa-miR-4697-3p	0.00	0.00	0.00	0.00
hsa-miR-4697-5p	0.00	0.00	0.00	0.00
hsa-miR-4698	0.00	0.00	0.00	0.00
hsa-miR-4699-3p	0.00	0.00	0.00	0.00
hsa-miR-4699-5p	0.00	0.00	0.00	0.00
hsa-miR-4700-3p	0.00	0.00	0.00	0.00
hsa-miR-4700-5p	0.00	0.00	0.00	0.00
hsa-miR-4701-3p	0.00	0.00	0.00	0.00
hsa-miR-4701-5p	0.00	0.00	0.00	0.00
hsa-miR-4703-3p	0.00	0.00	0.00	0.00
hsa-miR-4703-5p	0.00	0.00	0.00	0.00
hsa-miR-4704-3p	0.00	0.00	0.00	0.00
hsa-miR-4704-5p	0.00	0.00	0.00	0.00
hsa-miR-4705	0.00	0.00	0.00	0.00
hsa-miR-4706	0.00	0.00	2.00	0.00
hsa-miR-4707-3p	0.00	0.00	0.00	1.00
hsa-miR-4707-5p	1.00	0.00	0.00	0.00
hsa-miR-4708-3p	0.00	0.00	0.00	0.00
hsa-miR-4708-5p	0.00	0.00	0.00	0.00
hsa-miR-4709-3p	0.00	0.00	0.00	0.00
hsa-miR-4709-5p	0.00	0.00	0.00	0.00
hsa-miR-4710	0.00	0.00	0.00	0.00
hsa-miR-4711-3p	0.00	0.00	0.00	0.00
hsa-miR-4711-5p	0.00	0.00	0.00	0.00
hsa-miR-4712-3p	0.00	0.00	0.00	0.00
hsa-miR-4712-5p	0.00	0.00	0.00	0.00
hsa-miR-4713-3p	0.00	0.00	0.00	0.00
hsa-miR-4713-5p	0.00	0.00	0.00	0.00
hsa-miR-4714-3p	0.00	1.00	0.00	0.00
hsa-miR-4714-5p	0.00	0.00	0.00	0.00
hsa-miR-4715-3p	0.00	0.00	0.00	0.00
hsa-miR-4715-5p	0.00	0.00	0.00	0.00
hsa-miR-4716-3p	0.00	0.00	0.00	0.00
hsa-miR-4716-5p	0.00	0.00	0.00	0.00
hsa-miR-4717-3p	0.00	0.00	0.00	0.00
hsa-miR-4717-5p	0.00	0.00	0.00	0.00
hsa-miR-4718	0.00	0.00	0.00	0.00
hsa-miR-4719	0.00	0.00	0.00	0.00
hsa-miR-4720-3p	0.00	0.00	0.00	0.00
hsa-miR-4720-5p	0.00	1.00	0.00	0.00
hsa-miR-4721	1.00	0.00	0.00	0.00
hsa-miR-4722-3p	0.00	0.00	0.00	0.00
hsa-miR-4722-5p	0.00	0.00	0.00	0.00
hsa-miR-4723-3p	0.00	0.00	0.00	0.00
hsa-miR-4723-5p	0.00	0.00	0.00	0.00
hsa-miR-4724-3p	0.00	0.00	0.00	0.00
hsa-miR-4724-5p	0.00	0.00	0.00	0.00
hsa-miR-4725-3p	0.00	0.00	0.00	0.00
hsa-miR-4725-5p	0.00	0.00	0.00	0.00
hsa-miR-4726-3p	0.00	0.00	0.00	0.00
hsa-miR-4726-5p	0.00	0.00	0.00	0.00
hsa-miR-4727-3p	0.00	0.00	0.00	0.00
hsa-miR-4727-5p	0.00	0.00	0.00	0.00
hsa-miR-4728-3p	0.00	0.00	0.00	0.00
hsa-miR-4728-5p	0.00	0.00	0.00	0.00
hsa-miR-4729	0.00	0.00	0.00	0.00
hsa-miR-4730	0.00	0.00	0.00	0.00
hsa-miR-4731-3p	0.00	0.00	0.00	0.00
hsa-miR-4731-5p	0.00	0.00	0.00	0.00
hsa-miR-4732-3p	0.00	0.00	0.00	0.00
hsa-miR-4732-5p	0.00	0.00	0.00	0.00
hsa-miR-4733-3p	0.00	0.00	0.00	0.00
hsa-miR-4733-5p	0.00	0.00	0.00	0.00
hsa-miR-4734	0.00	0.00	0.00	0.00
hsa-miR-4735-3p	0.00	0.00	0.00	0.00
hsa-miR-4735-5p	0.00	0.00	0.00	0.00
hsa-miR-4736	0.00	0.00	0.00	0.00
hsa-miR-4737	0.00	0.00	0.00	0.00
hsa-miR-4738-3p	0.00	0.00	0.00	0.00
hsa-miR-4738-5p	0.00	0.00	0.00	0.00
hsa-miR-4739	0.00	0.00	0.00	0.00
hsa-miR-4740-3p	0.00	0.00	0.00	0.00
hsa-miR-4740-5p	0.00	0.00	0.00	0.00
hsa-miR-4741	2.00	1.00	0.00	0.00
hsa-miR-4742-3p	21.00	39.00	4.00	11.00
hsa-miR-4742-5p	1.00	0.00	0.00	0.00
hsa-miR-4743-3p	0.00	0.00	0.00	0.00
hsa-miR-4743-5p	1.00	0.00	0.00	0.00
hsa-miR-4744	0.00	0.00	0.00	0.00
hsa-miR-4745-3p	0.00	0.00	0.00	0.00
hsa-miR-4745-5p	1.00	0.00	0.00	0.00
hsa-miR-4746-3p	0.00	0.00	0.00	0.00
hsa-miR-4746-5p	0.00	0.00	0.00	0.00
hsa-miR-4747-3p	0.00	0.00	0.00	0.00
hsa-miR-4747-5p	0.00	0.00	0.00	0.00
hsa-miR-4748	0.00	0.00	0.00	0.00
hsa-miR-4749-3p	0.00	0.00	0.00	0.00
hsa-miR-4749-5p	0.00	0.00	0.00	0.00
hsa-miR-4750-3p	0.00	0.00	0.00	0.00
hsa-miR-4750-5p	0.00	0.00	0.00	0.00
hsa-miR-4751	0.00	0.00	0.00	0.00
hsa-miR-4752	0.00	0.00	0.00	0.00
hsa-miR-4753-3p	1.00	2.00	0.00	1.00
hsa-miR-4753-5p	1.00	1.00	0.00	1.00
hsa-miR-4754	0.00	0.00	0.00	0.00
hsa-miR-4755-3p	0.00	0.00	0.00	0.00
hsa-miR-4755-5p	0.00	0.00	0.00	0.00
hsa-miR-4756-3p	0.00	0.00	0.00	0.00
hsa-miR-4756-5p	0.00	0.00	0.00	0.00
hsa-miR-4757-3p	0.00	0.00	0.00	0.00
hsa-miR-4757-5p	0.00	0.00	0.00	0.00
hsa-miR-4758-3p	0.00	0.00	0.00	0.00
hsa-miR-4758-5p	0.00	0.00	0.00	0.00
hsa-miR-4759	0.00	0.00	0.00	0.00
hsa-miR-4760-3p	0.00	0.00	0.00	0.00
hsa-miR-4760-5p	1.00	1.00	0.00	0.00
hsa-miR-4761-3p	0.00	0.00	0.00	0.00
hsa-miR-4761-5p	0.00	0.00	0.00	0.00
hsa-miR-4762-3p	0.00	0.00	0.00	0.00
hsa-miR-4762-5p	0.00	0.00	0.00	0.00
hsa-miR-4763-3p	0.00	0.00	0.00	0.00
hsa-miR-4763-5p	0.00	0.00	0.00	0.00
hsa-miR-4764-3p	0.00	0.00	0.00	0.00
hsa-miR-4764-5p	0.00	0.00	0.00	0.00
hsa-miR-4765	0.00	0.00	0.00	0.00
hsa-miR-4766-3p	1.00	1.00	0.00	1.00
hsa-miR-4766-5p	0.00	0.00	0.00	0.00
hsa-miR-4767	0.00	0.00	0.00	0.00
hsa-miR-4768-3p	0.00	0.00	0.00	0.00
hsa-miR-4768-5p	0.00	0.00	0.00	0.00
hsa-miR-4769-3p	0.00	0.00	0.00	0.00
hsa-miR-4769-5p	0.00	0.00	0.00	0.00
hsa-miR-4770	0.00	0.00	0.00	0.00
hsa-miR-4771	0.00	0.00	0.00	0.00
hsa-miR-4772-3p	0.00	0.00	0.00	0.00
hsa-miR-4772-5p	0.00	0.00	0.00	0.00
hsa-miR-4773	0.00	0.00	0.00	0.00
hsa-miR-4774-3p	0.00	0.00	0.00	0.00
hsa-miR-4774-5p	0.00	1.00	0.00	0.00
hsa-miR-4775	0.00	0.00	0.00	0.00
hsa-miR-4776-3p	0.00	0.00	0.00	0.00
hsa-miR-4776-5p	0.00	0.00	0.00	0.00
hsa-miR-4777-3p	0.00	0.00	0.00	0.00
hsa-miR-4777-5p	0.00	0.00	0.00	0.00
hsa-miR-4778-3p	0.00	0.00	0.00	0.00
hsa-miR-4778-5p	0.00	0.00	0.00	0.00
hsa-miR-4779	0.00	0.00	0.00	0.00
hsa-miR-4780	0.00	0.00	0.00	0.00
hsa-miR-4781-3p	2.00	9.00	0.00	3.00
hsa-miR-4781-5p	0.00	0.00	0.00	0.00
hsa-miR-4782-3p	0.00	0.00	0.00	0.00
hsa-miR-4782-5p	0.00	0.00	0.00	0.00
hsa-miR-4783-3p	0.00	0.00	0.00	0.00
hsa-miR-4783-5p	0.00	0.00	0.00	0.00
hsa-miR-4784	1.00	0.00	0.00	0.00
hsa-miR-4785	0.00	0.00	0.00	0.00
hsa-miR-4786-3p	0.00	0.00	0.00	0.00
hsa-miR-4786-5p	0.00	0.00	0.00	0.00
hsa-miR-4787-3p	0.00	0.00	0.00	0.00
hsa-miR-4787-5p	0.00	0.00	0.00	0.00
hsa-miR-4788	0.00	0.00	0.00	0.00
hsa-miR-4789-3p	0.00	0.00	0.00	0.00
hsa-miR-4789-5p	0.00	0.00	0.00	0.00
hsa-miR-4790-3p	0.00	0.00	0.00	0.00
hsa-miR-4790-5p	0.00	0.00	0.00	0.00
hsa-miR-4791	0.00	0.00	0.00	0.00
hsa-miR-4792	0.00	0.00	0.00	0.00
hsa-miR-4793-3p	0.00	0.00	0.00	0.00
hsa-miR-4793-5p	0.00	0.00	0.00	0.00
hsa-miR-4794	0.00	0.00	0.00	0.00
hsa-miR-4795-3p	0.00	0.00	0.00	0.00
hsa-miR-4795-5p	0.00	0.00	0.00	0.00
hsa-miR-4796-3p	0.00	0.00	0.00	0.00
hsa-miR-4796-5p	0.00	0.00	0.00	0.00
hsa-miR-4797-3p	0.00	0.00	0.00	0.00
hsa-miR-4797-5p	0.00	0.00	0.00	0.00
hsa-miR-4798-3p	0.00	0.00	0.00	0.00
hsa-miR-4798-5p	0.00	0.00	0.00	0.00
hsa-miR-4799-3p	0.00	0.00	0.00	0.00
hsa-miR-4799-5p	0.00	0.00	0.00	0.00
hsa-miR-4800-3p	0.00	0.00	0.00	0.00
hsa-miR-4800-5p	0.00	0.00	0.00	0.00
hsa-miR-4801	0.00	0.00	0.00	0.00
hsa-miR-4802-3p	0.00	2.00	0.00	0.00
hsa-miR-4802-5p	0.00	0.00	0.00	0.00
hsa-miR-4803	0.00	0.00	0.00	0.00
hsa-miR-4804-3p	0.00	0.00	0.00	0.00
hsa-miR-4804-5p	0.00	0.00	0.00	0.00
hsa-miR-483-3p	0.00	0.00	0.00	0.00
hsa-miR-483-5p	0.00	0.00	0.00	0.00
hsa-miR-484	0.00	1.00	1.00	1.00
hsa-miR-485-3p	0.00	0.00	0.00	0.00
hsa-miR-485-5p	0.00	1.00	0.00	0.00
hsa-miR-486-3p	0.00	0.00	0.00	0.00
hsa-miR-486-5p	0.00	0.00	0.00	0.00
hsa-miR-487a	0.00	0.00	0.00	0.00
hsa-miR-487b	0.00	0.00	0.00	0.00
hsa-miR-488-3p	0.00	0.00	0.00	1.00
hsa-miR-488-5p	0.00	0.00	0.00	0.00
hsa-miR-489	0.00	0.00	0.00	0.00
hsa-miR-490-3p	0.00	0.00	0.00	0.00
hsa-miR-490-5p	0.00	0.00	0.00	0.00
hsa-miR-491-3p	0.00	0.00	0.00	0.00
hsa-miR-491-5p	0.00	0.00	1.00	0.00
hsa-miR-492	0.00	0.00	0.00	0.00
hsa-miR-493-3p	0.00	0.00	0.00	0.00
hsa-miR-493-5p	0.00	0.00	0.00	0.00
hsa-miR-494	0.00	0.00	0.00	0.00
hsa-miR-495-3p	0.00	0.00	0.00	0.00
hsa-miR-495-5p	0.00	0.00	0.00	0.00
hsa-miR-496	0.00	0.00	0.00	0.00
hsa-miR-497-3p	0.00	0.00	0.00	0.00
hsa-miR-497-5p	0.00	0.00	0.00	0.00
hsa-miR-498	0.00	0.00	0.00	0.00
hsa-miR-4999-3p	0.00	0.00	0.00	0.00
hsa-miR-4999-5p	0.00	1.00	0.00	1.00
hsa-miR-499a-3p	0.00	0.00	0.00	0.00
hsa-miR-499a-5p	0.00	0.00	0.00	0.00
hsa-miR-499b-3p	0.00	0.00	0.00	0.00
hsa-miR-499b-5p	0.00	0.00	0.00	0.00
hsa-miR-5000-3p	0.00	0.00	0.00	0.00
hsa-miR-5000-5p	0.00	0.00	0.00	0.00
hsa-miR-5001-3p	0.00	0.00	0.00	0.00
hsa-miR-5001-5p	1.00	0.00	0.00	0.00
hsa-miR-5002-3p	0.00	0.00	0.00	0.00
hsa-miR-5002-5p	0.00	0.00	0.00	0.00
hsa-miR-5003-3p	0.00	0.00	0.00	0.00
hsa-miR-5003-5p	0.00	1.00	0.00	0.00
hsa-miR-5004-3p	0.00	0.00	0.00	0.00
hsa-miR-5004-5p	0.00	0.00	0.00	0.00
hsa-miR-5006-3p	0.00	0.00	0.00	0.00
hsa-miR-5006-5p	0.00	0.00	0.00	0.00
hsa-miR-5007-3p	0.00	0.00	0.00	0.00
hsa-miR-5007-5p	0.00	0.00	0.00	0.00
hsa-miR-5008-3p	4.00	2.00	2.00	3.00
hsa-miR-5008-5p	11.00	11.00	2.00	12.00
hsa-miR-5009-3p	0.00	0.00	0.00	0.00
hsa-miR-5009-5p	0.00	0.00	0.00	0.00
hsa-miR-500a-3p	1.00	2.00	0.00	0.00
hsa-miR-500a-5p	0.00	0.00	0.00	0.00
hsa-miR-500b	0.00	0.00	0.00	0.00
hsa-miR-5010-3p	0.00	0.00	0.00	0.00
hsa-miR-5010-5p	0.00	0.00	0.00	0.00
hsa-miR-5011-3p	0.00	0.00	0.00	0.00
hsa-miR-5011-5p	0.00	0.00	0.00	0.00
hsa-miR-501-3p	2.00	1.00	0.00	0.00
hsa-miR-501-5p	0.00	0.00	0.00	0.00
hsa-miR-502-3p	0.00	0.00	0.00	0.00
hsa-miR-502-5p	0.00	0.00	0.00	0.00
hsa-miR-503-3p	0.00	0.00	0.00	0.00
hsa-miR-503-5p	2.00	0.00	0.00	0.00
hsa-miR-504	0.00	0.00	0.00	0.00
hsa-miR-5047	0.00	0.00	0.00	0.00
hsa-miR-505-3p	0.00	2.00	0.00	0.00
hsa-miR-505-5p	0.00	0.00	0.00	2.00
hsa-miR-506-3p	0.00	0.00	0.00	0.00
hsa-miR-506-5p	0.00	0.00	0.00	0.00
hsa-miR-507	0.00	0.00	0.00	0.00
hsa-miR-508-3p	0.00	0.00	0.00	0.00
hsa-miR-508-5p	0.00	0.00	0.00	0.00
hsa-miR-5087	0.00	1.00	2.00	1.00
hsa-miR-5088	0.00	0.00	0.00	0.00
hsa-miR-5089-3p	0.00	0.00	0.00	0.00
hsa-miR-5089-5p	0.00	0.00	0.00	0.00
hsa-miR-5090	0.00	0.00	0.00	0.00
hsa-miR-5091	0.00	0.00	0.00	0.00
hsa-miR-5092	0.00	0.00	0.00	0.00
hsa-miR-5093	0.00	0.00	0.00	0.00
hsa-miR-509-3-5p	0.00	0.00	0.00	0.00
hsa-miR-509-3p	0.00	0.00	0.00	0.00
hsa-miR-5094	0.00	0.00	0.00	0.00
hsa-miR-5095	0.00	0.00	0.00	0.00
hsa-miR-509-5p	0.00	0.00	0.00	0.00
hsa-miR-5096	0.00	0.00	0.00	0.00
hsa-miR-510	0.00	0.00	0.00	0.00
hsa-miR-5100	0.00	0.00	0.00	0.00
hsa-miR-511	0.00	0.00	0.00	0.00
hsa-miR-512-3p	0.00	0.00	0.00	0.00
hsa-miR-512-5p	0.00	0.00	0.00	0.00
hsa-miR-513a-3p	0.00	0.00	0.00	0.00
hsa-miR-513a-5p	0.00	0.00	0.00	0.00
hsa-miR-513b	0.00	0.00	0.00	0.00
hsa-miR-513c-3p	0.00	0.00	0.00	0.00
hsa-miR-513c-5p	0.00	0.00	0.00	0.00
hsa-miR-514a-3p	0.00	0.00	0.00	0.00
hsa-miR-514a-5p	0.00	0.00	0.00	0.00
hsa-miR-514b-3p	0.00	0.00	0.00	0.00
hsa-miR-514b-5p	0.00	0.00	0.00	0.00
hsa-miR-515-3p	0.00	0.00	0.00	0.00
hsa-miR-515-5p	0.00	0.00	0.00	0.00
hsa-miR-516a-3p	0.00	0.00	0.00	0.00
hsa-miR-516a-5p	0.00	0.00	0.00	0.00
hsa-miR-516b-3p	0.00	0.00	0.00	0.00
hsa-miR-516b-5p	0.00	0.00	0.00	0.00
hsa-miR-517-5p	0.00	0.00	0.00	0.00
hsa-miR-517a-3p	0.00	0.00	0.00	0.00
hsa-miR-517b-3p	0.00	0.00	0.00	0.00
hsa-miR-517c-3p	0.00	0.00	0.00	0.00
hsa-miR-5186	0.00	0.00	0.00	0.00
hsa-miR-5187-3p	0.00	1.00	0.00	0.00
hsa-miR-5187-5p	29.00	26.00	8.00	5.00
hsa-miR-5188	0.00	0.00	0.00	0.00
hsa-miR-5189	0.00	0.00	0.00	0.00
hsa-miR-518a-3p	0.00	0.00	0.00	0.00
hsa-miR-518a-5p	0.00	0.00	0.00	0.00
hsa-miR-518b	0.00	0.00	0.00	0.00
hsa-miR-518c-3p	0.00	0.00	0.00	0.00
hsa-miR-518c-5p	0.00	0.00	0.00	0.00
hsa-miR-518d-3p	0.00	0.00	0.00	0.00
hsa-miR-518d-5p	0.00	0.00	0.00	0.00
hsa-miR-518e-3p	0.00	0.00	0.00	0.00
hsa-miR-518e-5p	0.00	0.00	0.00	0.00
hsa-miR-518f-3p	0.00	0.00	0.00	0.00
hsa-miR-518f-5p	0.00	0.00	0.00	0.00
hsa-miR-5190	0.00	0.00	0.00	0.00
hsa-miR-5191	1.00	0.00	0.00	1.00
hsa-miR-5192	0.00	0.00	0.00	0.00
hsa-miR-5193	0.00	0.00	0.00	0.00
hsa-miR-5194	0.00	0.00	0.00	0.00
hsa-miR-5195-3p	0.00	0.00	0.00	0.00
hsa-miR-5195-5p	0.00	0.00	0.00	0.00
hsa-miR-5196-3p	0.00	0.00	0.00	0.00
hsa-miR-5196-5p	0.00	0.00	0.00	0.00
hsa-miR-5197-3p	0.00	0.00	0.00	0.00
hsa-miR-5197-5p	0.00	0.00	0.00	0.00
hsa-miR-519a-3p	0.00	0.00	0.00	0.00
hsa-miR-519a-5p	0.00	0.00	0.00	0.00
hsa-miR-519b-3p	0.00	0.00	0.00	0.00
hsa-miR-519b-5p	0.00	0.00	0.00	0.00
hsa-miR-519c-3p	0.00	0.00	0.00	0.00
hsa-miR-519c-5p	0.00	0.00	0.00	0.00
hsa-miR-519d	0.00	0.00	0.00	0.00
hsa-miR-519e-3p	0.00	0.00	0.00	0.00
hsa-miR-519e-5p	0.00	0.00	0.00	0.00
hsa-miR-520a-3p	0.00	0.00	0.00	0.00
hsa-miR-520a-5p	0.00	0.00	0.00	0.00
hsa-miR-520b	0.00	0.00	0.00	0.00
hsa-miR-520c-3p	0.00	0.00	0.00	0.00
hsa-miR-520c-5p	0.00	0.00	0.00	0.00
hsa-miR-520d-3p	0.00	0.00	0.00	0.00
hsa-miR-520d-5p	0.00	0.00	0.00	0.00
hsa-miR-520e	0.00	0.00	0.00	0.00
hsa-miR-520f	0.00	0.00	0.00	0.00
hsa-miR-520g	0.00	0.00	0.00	0.00
hsa-miR-520h	0.00	0.00	0.00	0.00
hsa-miR-521	0.00	0.00	0.00	0.00
hsa-miR-522-3p	0.00	0.00	0.00	0.00
hsa-miR-522-5p	0.00	0.00	0.00	0.00
hsa-miR-523-3p	0.00	0.00	0.00	0.00
hsa-miR-523-5p	0.00	0.00	0.00	0.00
hsa-miR-524-3p	0.00	0.00	0.00	0.00
hsa-miR-524-5p	0.00	0.00	0.00	0.00
hsa-miR-525-3p	0.00	0.00	0.00	0.00
hsa-miR-525-5p	0.00	0.00	0.00	0.00
hsa-miR-526a	0.00	0.00	0.00	0.00
hsa-miR-526b-3p	0.00	0.00	0.00	0.00
hsa-miR-526b-5p	0.00	0.00	0.00	0.00
hsa-miR-527	0.00	0.00	0.00	0.00
hsa-miR-532-3p	0.00	0.00	0.00	0.00
hsa-miR-532-5p	1.00	5.00	1.00	1.00
hsa-miR-539-3p	0.00	0.00	0.00	0.00
hsa-miR-539-5p	0.00	0.00	0.00	0.00
hsa-miR-541-3p	0.00	0.00	0.00	0.00
hsa-miR-541-5p	0.00	0.00	0.00	0.00
hsa-miR-542-3p	9.00	18.00	3.00	4.00
hsa-miR-542-5p	0.00	0.00	0.00	0.00
hsa-miR-543	0.00	0.00	0.00	0.00
hsa-miR-544a	0.00	0.00	0.00	0.00
hsa-miR-544b	0.00	0.00	0.00	0.00
hsa-miR-545-3p	0.00	0.00	0.00	0.00
hsa-miR-545-5p	0.00	0.00	0.00	0.00
hsa-miR-548a-3p	0.00	0.00	0.00	0.00
hsa-miR-548a-5p	0.00	0.00	0.00	0.00
hsa-miR-548aa	0.00	0.00	0.00	0.00
hsa-miR-548ab	0.00	0.00	0.00	0.00
hsa-miR-548ac	1.00	0.00	0.00	0.00
hsa-miR-548ad	0.00	0.00	0.00	0.00
hsa-miR-548ae	0.00	0.00	0.00	0.00
hsa-miR-548ag	0.00	0.00	0.00	0.00
hsa-miR-548ah-3p	0.00	0.00	0.00	0.00
hsa-miR-548ah-5p	0.00	0.00	0.00	0.00
hsa-miR-548ai	0.00	0.00	0.00	0.00
hsa-miR-548aj-3p	0.00	0.00	0.00	0.00
hsa-miR-548aj-5p	0.00	0.00	0.00	0.00
hsa-miR-548ak	0.00	0.00	0.00	0.00
hsa-miR-548al	0.00	0.00	0.00	0.00
hsa-miR-548am-3p	0.00	0.00	0.00	0.00
hsa-miR-548am-5p	0.00	0.00	0.00	0.00
hsa-miR-548an	0.00	0.00	0.00	0.00
hsa-miR-548ao-3p	0.00	0.00	0.00	0.00
hsa-miR-548ao-5p	0.00	0.00	0.00	0.00
hsa-miR-548ap-3p	0.00	0.00	0.00	0.00
hsa-miR-548ap-5p	0.00	0.00	0.00	0.00
hsa-miR-548aq-3p	0.00	0.00	0.00	0.00
hsa-miR-548aq-5p	0.00	0.00	0.00	0.00
hsa-miR-548ar-3p	0.00	0.00	0.00	0.00
hsa-miR-548ar-5p	0.00	0.00	0.00	0.00
hsa-miR-548as-3p	0.00	0.00	0.00	0.00
hsa-miR-548as-5p	0.00	0.00	0.00	0.00
hsa-miR-548at-3p	0.00	0.00	0.00	0.00
hsa-miR-548at-5p	0.00	0.00	0.00	0.00
hsa-miR-548au-3p	0.00	0.00	0.00	0.00
hsa-miR-548au-5p	0.00	0.00	0.00	0.00
hsa-miR-548av-3p	0.00	0.00	0.00	0.00
hsa-miR-548av-5p	0.00	0.00	0.00	0.00
hsa-miR-548aw	0.00	0.00	0.00	0.00
hsa-miR-548ax	0.00	0.00	0.00	0.00
hsa-miR-548ay-3p	0.00	0.00	0.00	0.00
hsa-miR-548ay-5p	0.00	0.00	0.00	0.00
hsa-miR-548az-3p	0.00	0.00	0.00	0.00
hsa-miR-548az-5p	0.00	1.00	0.00	0.00
hsa-miR-548b-3p	0.00	0.00	0.00	0.00
hsa-miR-548b-5p	0.00	0.00	0.00	0.00
hsa-miR-548c-3p	0.00	0.00	0.00	0.00
hsa-miR-548c-5p	0.00	0.00	0.00	0.00
hsa-miR-548d-3p	0.00	0.00	0.00	0.00
hsa-miR-548d-5p	0.00	0.00	0.00	0.00
hsa-miR-548e	0.00	1.00	0.00	0.00
hsa-miR-548f	0.00	0.00	0.00	0.00
hsa-miR-548g-3p	0.00	0.00	0.00	0.00
hsa-miR-548g-5p	0.00	0.00	0.00	0.00
hsa-miR-548h-3p	0.00	0.00	0.00	0.00
hsa-miR-548h-5p	0.00	0.00	0.00	0.00
hsa-miR-548i	0.00	0.00	0.00	0.00
hsa-miR-548j	0.00	0.00	0.00	0.00
hsa-miR-548k	0.00	0.00	0.00	0.00
hsa-miR-548l	0.00	0.00	0.00	0.00
hsa-miR-548m	0.00	0.00	0.00	0.00
hsa-miR-548n	0.00	0.00	0.00	0.00
hsa-miR-548o-3p	0.00	0.00	0.00	0.00
hsa-miR-548o-5p	0.00	0.00	0.00	0.00
hsa-miR-548p	0.00	0.00	0.00	0.00
hsa-miR-548q	0.00	0.00	0.00	0.00
hsa-miR-548s	0.00	0.00	0.00	0.00
hsa-miR-548t-3p	0.00	0.00	0.00	0.00
hsa-miR-548t-5p	0.00	0.00	0.00	0.00
hsa-miR-548u	0.00	0.00	0.00	0.00
hsa-miR-548v	0.00	0.00	0.00	0.00
hsa-miR-548w	0.00	0.00	0.00	0.00
hsa-miR-548x-3p	0.00	0.00	0.00	0.00
hsa-miR-548x-5p	0.00	0.00	0.00	0.00
hsa-miR-548y	0.00	0.00	0.00	0.00
hsa-miR-548z	0.00	0.00	0.00	0.00
hsa-miR-549a	0.00	0.00	0.00	0.00
hsa-miR-550a-3-5p	0.00	0.00	0.00	0.00
hsa-miR-550a-3p	0.00	0.00	0.00	0.00
hsa-miR-550a-5p	0.00	0.00	0.00	0.00
hsa-miR-550b-2-5p	0.00	0.00	0.00	0.00
hsa-miR-550b-3p	0.00	0.00	0.00	0.00
hsa-miR-551a	1.00	5.00	1.00	2.00
hsa-miR-551b-3p	0.00	0.00	0.00	0.00
hsa-miR-551b-5p	0.00	0.00	0.00	0.00
hsa-miR-552	0.00	0.00	0.00	0.00
hsa-miR-553	0.00	0.00	0.00	0.00
hsa-miR-554	0.00	0.00	0.00	0.00
hsa-miR-555	0.00	0.00	0.00	0.00
hsa-miR-556-3p	0.00	3.00	1.00	0.00
hsa-miR-556-5p	13.00	21.00	8.00	18.00
hsa-miR-557	0.00	0.00	0.00	0.00
hsa-miR-5571-3p	0.00	0.00	0.00	0.00
hsa-miR-5571-5p	0.00	0.00	0.00	0.00
hsa-miR-5572	0.00	0.00	0.00	0.00
hsa-miR-5579-3p	0.00	0.00	0.00	0.00
hsa-miR-5579-5p	0.00	0.00	0.00	0.00
hsa-miR-558	0.00	0.00	0.00	0.00
hsa-miR-5580-3p	0.00	0.00	0.00	0.00
hsa-miR-5580-5p	0.00	0.00	0.00	0.00
hsa-miR-5581-3p	1.00	1.00	2.00	0.00
hsa-miR-5581-5p	1.00	0.00	0.00	0.00
hsa-miR-5582-3p	0.00	0.00	0.00	0.00
hsa-miR-5582-5p	0.00	0.00	0.00	0.00
hsa-miR-5583-3p	0.00	0.00	0.00	0.00
hsa-miR-5583-5p	0.00	0.00	0.00	0.00
hsa-miR-5584-3p	0.00	0.00	0.00	0.00
hsa-miR-5584-5p	2.00	2.00	0.00	1.00
hsa-miR-5585-3p	0.00	0.00	0.00	0.00
hsa-miR-5585-5p	0.00	0.00	0.00	0.00
hsa-miR-5586-3p	0.00	0.00	0.00	0.00
hsa-miR-5586-5p	0.00	0.00	0.00	0.00
hsa-miR-5587-3p	0.00	0.00	0.00	0.00
hsa-miR-5587-5p	0.00	0.00	0.00	0.00
hsa-miR-5588-3p	0.00	0.00	0.00	0.00
hsa-miR-5588-5p	0.00	0.00	0.00	0.00
hsa-miR-5589-3p	0.00	0.00	0.00	0.00
hsa-miR-5589-5p	0.00	0.00	0.00	0.00
hsa-miR-559	0.00	0.00	0.00	0.00
hsa-miR-5590-3p	0.00	0.00	0.00	0.00
hsa-miR-5590-5p	0.00	0.00	0.00	0.00
hsa-miR-5591-3p	0.00	0.00	0.00	0.00
hsa-miR-5591-5p	0.00	0.00	0.00	0.00
hsa-miR-561-3p	0.00	0.00	0.00	0.00
hsa-miR-561-5p	0.00	0.00	0.00	0.00
hsa-miR-562	0.00	0.00	0.00	0.00
hsa-miR-563	0.00	0.00	0.00	0.00
hsa-miR-564	0.00	0.00	0.00	0.00
hsa-miR-566	0.00	0.00	0.00	0.00
hsa-miR-567	0.00	0.00	0.00	0.00
hsa-miR-568	0.00	0.00	0.00	0.00
hsa-miR-5680	0.00	0.00	0.00	0.00
hsa-miR-5681a	0.00	0.00	0.00	0.00
hsa-miR-5681b	0.00	0.00	0.00	0.00
hsa-miR-5682	0.00	0.00	0.00	0.00
hsa-miR-5683	0.00	0.00	0.00	0.00
hsa-miR-5684	17.00	21.00	5.00	10.00
hsa-miR-5685	0.00	0.00	0.00	0.00
hsa-miR-5686	0.00	0.00	0.00	0.00
hsa-miR-5687	0.00	0.00	0.00	0.00
hsa-miR-5688	0.00	0.00	0.00	0.00
hsa-miR-5689	0.00	0.00	0.00	0.00
hsa-miR-569	0.00	0.00	0.00	0.00
hsa-miR-5690	0.00	0.00	0.00	0.00
hsa-miR-5691	0.00	0.00	0.00	0.00
hsa-miR-5692a	0.00	0.00	0.00	0.00
hsa-miR-5692b	0.00	0.00	0.00	0.00
hsa-miR-5692c	0.00	0.00	0.00	0.00
hsa-miR-5693	0.00	0.00	0.00	0.00
hsa-miR-5694	0.00	0.00	0.00	0.00
hsa-miR-5695	0.00	0.00	0.00	0.00
hsa-miR-5696	0.00	0.00	0.00	0.00
hsa-miR-5697	1.00	3.00	0.00	0.00
hsa-miR-5698	2.00	5.00	4.00	1.00
hsa-miR-5699	0.00	1.00	0.00	0.00
hsa-miR-5700	0.00	0.00	0.00	0.00
hsa-miR-5701	0.00	0.00	0.00	0.00
hsa-miR-5702	0.00	0.00	0.00	0.00
hsa-miR-5703	0.00	0.00	0.00	0.00
hsa-miR-570-3p	0.00	0.00	0.00	0.00
hsa-miR-5704	0.00	0.00	0.00	0.00
hsa-miR-5705	0.00	0.00	0.00	0.00
hsa-miR-570-5p	0.00	0.00	0.00	0.00
hsa-miR-5706	0.00	0.00	0.00	0.00
hsa-miR-5707	0.00	0.00	0.00	0.00
hsa-miR-5708	0.00	0.00	0.00	0.00
hsa-miR-571	0.00	0.00	0.00	0.00
hsa-miR-572	0.00	0.00	0.00	0.00
hsa-miR-573	0.00	0.00	0.00	0.00
hsa-miR-5739	0.00	0.00	0.00	0.00
hsa-miR-574-3p	1.00	0.00	0.00	0.00
hsa-miR-574-5p	0.00	1.00	0.00	0.00
hsa-miR-575	0.00	0.00	0.00	0.00
hsa-miR-576-3p	1.00	0.00	1.00	0.00
hsa-miR-576-5p	30.00	32.00	5.00	15.00
hsa-miR-577	0.00	0.00	0.00	0.00
hsa-miR-578	0.00	0.00	0.00	0.00
hsa-miR-5787	0.00	0.00	0.00	0.00
hsa-miR-579	0.00	0.00	0.00	0.00
hsa-miR-580	0.00	0.00	0.00	0.00
hsa-miR-581	0.00	0.00	0.00	0.00
hsa-miR-582-3p	0.00	0.00	0.00	0.00
hsa-miR-582-5p	0.00	0.00	0.00	0.00
hsa-miR-583	0.00	0.00	0.00	0.00
hsa-miR-584-3p	0.00	0.00	0.00	0.00
hsa-miR-584-5p	4.00	0.00	0.00	0.00
hsa-miR-585	0.00	0.00	0.00	0.00
hsa-miR-586	0.00	0.00	0.00	0.00
hsa-miR-587	0.00	0.00	0.00	0.00
hsa-miR-588	1.00	0.00	0.00	0.00
hsa-miR-589-3p	0.00	0.00	0.00	0.00
hsa-miR-589-5p	2.00	5.00	0.00	5.00
hsa-miR-590-3p	1.00	1.00	0.00	0.00
hsa-miR-590-5p	0.00	1.00	0.00	1.00
hsa-miR-591	0.00	0.00	0.00	0.00
hsa-miR-592	0.00	0.00	0.00	0.00
hsa-miR-593-3p	0.00	0.00	0.00	0.00
hsa-miR-593-5p	0.00	0.00	0.00	0.00
hsa-miR-595	0.00	0.00	0.00	0.00
hsa-miR-596	0.00	0.00	0.00	0.00
hsa-miR-597	0.00	0.00	0.00	0.00
hsa-miR-598	0.00	0.00	0.00	0.00
hsa-miR-599	0.00	0.00	0.00	0.00
hsa-miR-600	0.00	0.00	0.00	0.00
hsa-miR-601	0.00	0.00	0.00	0.00
hsa-miR-602	0.00	0.00	0.00	0.00
hsa-miR-603	0.00	0.00	0.00	0.00
hsa-miR-604	0.00	0.00	0.00	0.00
hsa-miR-605	0.00	0.00	0.00	0.00
hsa-miR-606	0.00	0.00	0.00	0.00
hsa-miR-6068	0.00	0.00	0.00	0.00
hsa-miR-6069	0.00	0.00	0.00	0.00
hsa-miR-607	0.00	1.00	0.00	0.00
hsa-miR-6070	0.00	0.00	0.00	0.00
hsa-miR-6071	0.00	0.00	0.00	0.00
hsa-miR-6072	0.00	0.00	0.00	0.00
hsa-miR-6073	0.00	0.00	0.00	0.00
hsa-miR-6074	0.00	0.00	0.00	0.00
hsa-miR-6075	0.00	0.00	0.00	0.00
hsa-miR-6076	0.00	0.00	0.00	0.00
hsa-miR-6077	0.00	0.00	0.00	0.00
hsa-miR-6078	0.00	0.00	0.00	0.00
hsa-miR-6079	0.00	0.00	0.00	0.00
hsa-miR-608	0.00	0.00	0.00	0.00
hsa-miR-6080	0.00	0.00	0.00	0.00
hsa-miR-6081	0.00	0.00	0.00	0.00
hsa-miR-6082	0.00	0.00	0.00	0.00
hsa-miR-6083	0.00	0.00	0.00	0.00
hsa-miR-6084	0.00	0.00	0.00	0.00
hsa-miR-6085	0.00	0.00	0.00	0.00
hsa-miR-6086	0.00	0.00	0.00	0.00
hsa-miR-6087	0.00	0.00	0.00	0.00
hsa-miR-6088	0.00	0.00	0.00	0.00
hsa-miR-6089	0.00	0.00	0.00	1.00
hsa-miR-609	0.00	0.00	0.00	0.00
hsa-miR-6090	0.00	0.00	0.00	0.00
hsa-miR-610	0.00	0.00	0.00	0.00
hsa-miR-611	0.00	0.00	0.00	0.00
hsa-miR-612	0.00	0.00	0.00	0.00
hsa-miR-6124	0.00	0.00	0.00	0.00
hsa-miR-6125	0.00	0.00	0.00	0.00
hsa-miR-6126	0.00	0.00	0.00	0.00
hsa-miR-6127	0.00	0.00	0.00	0.00
hsa-miR-6128	1.00	0.00	0.00	0.00
hsa-miR-6129	0.00	0.00	0.00	0.00
hsa-miR-613	0.00	0.00	0.00	0.00
hsa-miR-6130	0.00	0.00	0.00	0.00
hsa-miR-6131	0.00	0.00	0.00	0.00
hsa-miR-6132	0.00	0.00	0.00	0.00
hsa-miR-6133	0.00	0.00	0.00	0.00
hsa-miR-6134	0.00	0.00	0.00	0.00
hsa-miR-614	0.00	0.00	0.00	0.00
hsa-miR-615-3p	0.00	0.00	0.00	0.00
hsa-miR-615-5p	0.00	2.00	0.00	0.00
hsa-miR-616-3p	0.00	0.00	0.00	0.00
hsa-miR-6165	0.00	0.00	0.00	0.00
hsa-miR-616-5p	0.00	0.00	0.00	0.00
hsa-miR-617	0.00	0.00	0.00	0.00
hsa-miR-618	0.00	0.00	0.00	0.00
hsa-miR-619	0.00	0.00	0.00	0.00
hsa-miR-620	0.00	0.00	0.00	0.00
hsa-miR-621	0.00	0.00	0.00	0.00
hsa-miR-622	0.00	0.00	0.00	0.00
hsa-miR-623	0.00	0.00	0.00	0.00
hsa-miR-624-3p	0.00	0.00	0.00	0.00
hsa-miR-624-5p	0.00	0.00	0.00	0.00
hsa-miR-625-3p	15.00	17.00	3.00	10.00
hsa-miR-625-5p	0.00	0.00	0.00	0.00
hsa-miR-626	0.00	0.00	0.00	0.00
hsa-miR-627	4.00	4.00	0.00	0.00
hsa-miR-628-3p	0.00	0.00	0.00	0.00
hsa-miR-628-5p	0.00	1.00	0.00	0.00
hsa-miR-629-3p	0.00	0.00	0.00	0.00
hsa-miR-629-5p	15.00	20.00	7.00	11.00
hsa-miR-630	0.00	0.00	0.00	0.00
hsa-miR-631	0.00	0.00	0.00	0.00
hsa-miR-632	0.00	0.00	0.00	0.00
hsa-miR-633	0.00	0.00	0.00	0.00
hsa-miR-634	0.00	0.00	0.00	0.00
hsa-miR-635	0.00	0.00	0.00	0.00
hsa-miR-636	0.00	0.00	0.00	0.00
hsa-miR-637	0.00	0.00	0.00	0.00
hsa-miR-638	0.00	0.00	0.00	0.00
hsa-miR-639	0.00	0.00	0.00	0.00
hsa-miR-640	0.00	0.00	0.00	0.00
hsa-miR-641	0.00	0.00	0.00	0.00
hsa-miR-642a-3p	0.00	0.00	0.00	0.00
hsa-miR-642a-5p	0.00	0.00	0.00	0.00
hsa-miR-642b-3p	0.00	0.00	0.00	0.00
hsa-miR-642b-5p	0.00	0.00	0.00	0.00
hsa-miR-643	0.00	0.00	0.00	0.00
hsa-miR-644a	0.00	0.00	0.00	0.00
hsa-miR-645	0.00	0.00	0.00	0.00
hsa-miR-646	0.00	0.00	0.00	0.00
hsa-miR-647	0.00	0.00	0.00	0.00
hsa-miR-648	0.00	0.00	0.00	0.00
hsa-miR-649	0.00	0.00	0.00	0.00
hsa-miR-6499-3p	0.00	0.00	0.00	0.00
hsa-miR-6499-5p	0.00	0.00	0.00	0.00
hsa-miR-650	0.00	0.00	0.00	0.00
hsa-miR-6500-3p	0.00	0.00	0.00	0.00
hsa-miR-6500-5p	0.00	0.00	0.00	0.00
hsa-miR-6501-3p	0.00	0.00	0.00	0.00
hsa-miR-6501-5p	0.00	0.00	0.00	0.00
hsa-miR-6502-3p	0.00	0.00	0.00	0.00
hsa-miR-6502-5p	0.00	0.00	0.00	0.00
hsa-miR-6503-3p	0.00	0.00	0.00	0.00
hsa-miR-6503-5p	0.00	0.00	0.00	0.00
hsa-miR-6504-3p	0.00	0.00	0.00	0.00
hsa-miR-6504-5p	0.00	0.00	0.00	0.00
hsa-miR-6505-3p	0.00	0.00	0.00	0.00
hsa-miR-6505-5p	0.00	0.00	0.00	0.00
hsa-miR-6506-3p	0.00	0.00	0.00	0.00
hsa-miR-6506-5p	0.00	0.00	0.00	0.00
hsa-miR-6507-3p	0.00	0.00	0.00	0.00
hsa-miR-6507-5p	0.00	0.00	0.00	0.00
hsa-miR-6508-3p	0.00	0.00	0.00	0.00
hsa-miR-6508-5p	0.00	0.00	0.00	0.00
hsa-miR-6509-3p	0.00	0.00	0.00	0.00
hsa-miR-6509-5p	0.00	0.00	0.00	0.00
hsa-miR-651	0.00	0.00	0.00	0.00
hsa-miR-6510-3p	1.00	1.00	0.00	0.00
hsa-miR-6510-5p	0.00	0.00	0.00	0.00
hsa-miR-6511a-3p	0.00	0.00	0.00	0.00
hsa-miR-6511a-5p	0.00	0.00	0.00	0.00
hsa-miR-6511b-3p	0.00	0.00	0.00	0.00
hsa-miR-6511b-5p	0.00	0.00	0.00	0.00
hsa-miR-6512-3p	0.00	0.00	0.00	0.00
hsa-miR-6512-5p	0.00	0.00	0.00	0.00
hsa-miR-6513-3p	0.00	0.00	0.00	0.00
hsa-miR-6513-5p	0.00	0.00	0.00	0.00
hsa-miR-6514-3p	0.00	0.00	0.00	0.00
hsa-miR-6514-5p	0.00	0.00	0.00	0.00
hsa-miR-6515-3p	0.00	0.00	0.00	0.00
hsa-miR-6515-5p	0.00	0.00	0.00	0.00
hsa-miR-652-3p	0.00	1.00	0.00	0.00
hsa-miR-652-5p	0.00	0.00	0.00	0.00
hsa-miR-653	0.00	0.00	0.00	0.00
hsa-miR-654-3p	0.00	0.00	0.00	0.00
hsa-miR-654-5p	0.00	0.00	0.00	0.00
hsa-miR-655	0.00	0.00	0.00	0.00
hsa-miR-656	0.00	0.00	0.00	0.00
hsa-miR-657	0.00	0.00	0.00	0.00
hsa-miR-658	0.00	0.00	0.00	0.00
hsa-miR-659-3p	0.00	0.00	0.00	0.00
hsa-miR-659-5p	1.00	0.00	0.00	0.00
hsa-miR-660-3p	0.00	0.00	0.00	0.00
hsa-miR-660-5p	0.00	0.00	0.00	0.00
hsa-miR-661	0.00	0.00	0.00	0.00
hsa-miR-662	0.00	0.00	0.00	0.00
hsa-miR-663a	0.00	0.00	0.00	0.00
hsa-miR-663b	0.00	0.00	0.00	0.00
hsa-miR-664a-3p	13.00	10.00	4.00	6.00
hsa-miR-664a-5p	37.00	38.00	7.00	24.00
hsa-miR-664b-3p	0.00	0.00	0.00	0.00
hsa-miR-664b-5p	0.00	0.00	0.00	0.00
hsa-miR-665	0.00	0.00	0.00	0.00
hsa-miR-668	0.00	0.00	0.00	0.00
hsa-miR-670	0.00	0.00	0.00	0.00
hsa-miR-671-3p	0.00	2.00	0.00	0.00
hsa-miR-6715a-3p	0.00	0.00	0.00	0.00
hsa-miR-6715b-3p	0.00	0.00	0.00	0.00
hsa-miR-6715b-5p	0.00	0.00	0.00	0.00
hsa-miR-671-5p	17.00	15.00	4.00	7.00
hsa-miR-6716-3p	0.00	0.00	0.00	0.00
hsa-miR-6716-5p	0.00	0.00	0.00	0.00
hsa-miR-6717-5p	0.00	0.00	0.00	0.00
hsa-miR-6718-5p	0.00	0.00	0.00	0.00
hsa-miR-6719-3p	0.00	0.00	0.00	0.00
hsa-miR-6720-3p	0.00	0.00	0.00	0.00
hsa-miR-6721-5p	0.00	1.00	0.00	0.00
hsa-miR-6722-3p	0.00	0.00	0.00	0.00
hsa-miR-6722-5p	0.00	0.00	0.00	0.00
hsa-miR-6723-5p	0.00	0.00	0.00	2.00
hsa-miR-6724-5p	9.00	1.00	1.00	5.00
hsa-miR-675-3p	0.00	0.00	0.00	0.00
hsa-miR-675-5p	0.00	0.00	0.00	0.00
hsa-miR-676-3p	0.00	0.00	0.00	0.00
hsa-miR-676-5p	0.00	0.00	0.00	0.00
hsa-miR-708-3p	0.00	0.00	0.00	0.00
hsa-miR-708-5p	0.00	0.00	0.00	0.00
hsa-miR-711	0.00	0.00	0.00	0.00
hsa-miR-7-1-3p	0.00	0.00	0.00	0.00
hsa-miR-718	0.00	0.00	0.00	0.00
hsa-miR-7-2-3p	0.00	0.00	0.00	0.00
hsa-miR-744-3p	0.00	0.00	0.00	0.00
hsa-miR-744-5p	2.00	0.00	0.00	0.00
hsa-miR-758-3p	0.00	0.00	0.00	0.00
hsa-miR-758-5p	0.00	0.00	0.00	0.00
hsa-miR-759	0.00	0.00	0.00	0.00
hsa-miR-7-5p	3.00	1.00	0.00	2.00
hsa-miR-760	725.00	691.00	99.00	206.00
hsa-miR-761	0.00	0.00	0.00	0.00
hsa-miR-762	0.00	0.00	0.00	0.00
hsa-miR-764	0.00	0.00	0.00	0.00
hsa-miR-765	14.00	9.00	3.00	6.00
hsa-miR-766-3p	0.00	0.00	0.00	0.00
hsa-miR-766-5p	0.00	0.00	0.00	0.00
hsa-miR-767-3p	0.00	0.00	0.00	0.00
hsa-miR-767-5p	2.00	0.00	1.00	0.00
hsa-miR-769-3p	2.00	0.00	1.00	0.00
hsa-miR-769-5p	4.00	9.00	1.00	5.00
hsa-miR-770-5p	0.00	0.00	0.00	0.00
hsa-miR-802	0.00	0.00	0.00	0.00
hsa-miR-873-3p	0.00	0.00	0.00	0.00
hsa-miR-873-5p	0.00	0.00	0.00	0.00
hsa-miR-874	0.00	0.00	0.00	0.00
hsa-miR-875-3p	0.00	0.00	0.00	0.00
hsa-miR-875-5p	0.00	0.00	0.00	0.00
hsa-miR-876-3p	0.00	0.00	0.00	0.00
hsa-miR-876-5p	0.00	0.00	0.00	0.00
hsa-miR-877-3p	1.00	1.00	0.00	0.00
hsa-miR-877-5p	16.00	12.00	2.00	5.00
hsa-miR-885-3p	0.00	0.00	0.00	0.00
hsa-miR-885-5p	0.00	0.00	0.00	0.00
hsa-miR-887	0.00	0.00	0.00	0.00
hsa-miR-888-3p	0.00	0.00	0.00	0.00
hsa-miR-888-5p	0.00	0.00	0.00	0.00
hsa-miR-889	0.00	0.00	0.00	0.00
hsa-miR-890	0.00	0.00	0.00	0.00
hsa-miR-891a	0.00	0.00	0.00	0.00
hsa-miR-891b	0.00	0.00	0.00	0.00
hsa-miR-892a	0.00	0.00	0.00	0.00
hsa-miR-892b	0.00	0.00	0.00	0.00
hsa-miR-892c-3p	0.00	0.00	0.00	0.00
hsa-miR-892c-5p	0.00	0.00	0.00	0.00
hsa-miR-920	0.00	0.00	0.00	0.00
hsa-miR-921	0.00	0.00	0.00	0.00
hsa-miR-922	0.00	0.00	0.00	0.00
hsa-miR-924	0.00	0.00	0.00	0.00
hsa-miR-92a-1-5p	0.00	0.00	0.00	0.00
hsa-miR-92a-2-5p	0.00	0.00	0.00	0.00
hsa-miR-92a-3p	43.00	36.00	18.00	15.00
hsa-miR-92b-3p	3218.00	3737.00	856.00	1579.00
hsa-miR-92b-5p	200.00	184.00	50.00	131.00
hsa-miR-933	0.00	0.00	0.00	0.00
hsa-miR-93-3p	0.00	0.00	0.00	0.00
hsa-miR-934	0.00	0.00	0.00	0.00
hsa-miR-935	0.00	0.00	0.00	0.00
hsa-miR-93-5p	103.00	132.00	29.00	29.00
hsa-miR-936	0.00	0.00	0.00	0.00
hsa-miR-937-3p	1.00	0.00	0.00	0.00
hsa-miR-937-5p	0.00	0.00	0.00	0.00
hsa-miR-938	0.00	0.00	0.00	0.00
hsa-miR-939-3p	0.00	0.00	0.00	0.00
hsa-miR-939-5p	0.00	0.00	0.00	0.00
hsa-miR-9-3p	67.00	71.00	20.00	34.00
hsa-miR-940	0.00	0.00	0.00	0.00
hsa-miR-941	0.00	0.00	0.00	0.00
hsa-miR-942	306.00	493.00	163.00	299.00
hsa-miR-943	0.00	0.00	0.00	0.00
hsa-miR-944	0.00	0.00	0.00	0.00
hsa-miR-95	1.00	3.00	0.00	1.00
hsa-miR-9-5p	11444.00	17742.00	5221.00	7256.00
hsa-miR-96-3p	0.00	0.00	0.00	0.00
hsa-miR-96-5p	0.00	0.00	0.00	0.00
hsa-miR-98-3p	0.00	0.00	0.00	0.00
hsa-miR-98-5p	14.00	24.00	6.00	6.00
hsa-miR-99a-3p	0.00	0.00	0.00	0.00
hsa-miR-99a-5p	1.00	0.00	1.00	0.00
hsa-miR-99b-3p	4.00	5.00	0.00	1.00
hsa-miR-99b-5p	541.00	1077.00	146.00	279.00
